,Date Time,Open,High,Low,Close,Volume
0,2021-06-16 15:40:00,2459.7,2460.0,2456.4,2457.3,2599699.1315
1,2021-06-16 15:45:00,2457.3,2457.6,2446.3,2449.5,4920286.4487
2,2021-06-16 15:50:00,2449.5,2454.6,2446.6,2452.0,5390612.4285
3,2021-06-16 15:55:00,2452.0,2458.0,2451.0,2457.5,3455597.8316
4,2021-06-16 16:00:00,2457.5,2458.3,2444.2,2454.4,6750239.1533
5,2021-06-16 16:05:00,2454.4,2454.4,2449.1,2450.9,2077324.6362
6,2021-06-16 16:10:00,2450.9,2454.9,2450.1,2454.9,1663328.3925
7,2021-06-16 16:15:00,2454.9,2457.1,2448.4,2448.5,2957899.7474
8,2021-06-16 16:20:00,2448.5,2448.7,2442.8,2445.5,5465350.8233
9,2021-06-16 16:25:00,2445.5,2447.1,2443.0,2444.3,3291119.3747
10,2021-06-16 16:30:00,2444.3,2452.2,2444.3,2450.7,2581003.6801
11,2021-06-16 16:35:00,2450.7,2453.1,2448.8,2450.4,3063085.7117
12,2021-06-16 16:40:00,2450.4,2451.9,2448.0,2449.4,2495521.2557
13,2021-06-16 16:45:00,2449.4,2450.5,2442.3,2442.3,3117598.7513
14,2021-06-16 16:50:00,2442.5,2446.1,2417.3,2422.8,16677987.6888
15,2021-06-16 16:55:00,2422.8,2425.6,2415.3,2423.6,12011454.2966
16,2021-06-16 17:00:00,2423.6,2429.4,2419.2,2427.5,8270258.7374
17,2021-06-16 17:05:00,2427.5,2428.3,2420.9,2422.6,3009415.4028
18,2021-06-16 17:10:00,2422.6,2422.6,2405.2,2409.5,13731009.2907
19,2021-06-16 17:15:00,2409.5,2415.9,2407.7,2414.4,7418096.6938
20,2021-06-16 17:20:00,2414.4,2417.6,2413.8,2415.2,2898474.4752
21,2021-06-16 17:25:00,2415.2,2416.0,2410.4,2413.1,2603534.7734
22,2021-06-16 17:30:00,2413.0,2420.3,2411.8,2418.7,8221661.5885
23,2021-06-16 17:35:00,2418.7,2423.7,2416.9,2417.3,4056726.8454
24,2021-06-16 17:40:00,2417.3,2419.2,2413.8,2415.1,4975548.771
25,2021-06-16 17:45:00,2415.1,2420.7,2410.9,2410.9,3658674.9096
26,2021-06-16 17:50:00,2410.9,2417.4,2410.9,2417.2,3397712.6593
27,2021-06-16 17:55:00,2417.2,2419.1,2412.9,2416.3,2594870.0594
28,2021-06-16 18:00:00,2416.3,2432.3,2407.8,2431.0,20873108.3461
29,2021-06-16 18:05:00,2431.0,2444.4,2424.8,2443.9,17174400.0877
30,2021-06-16 18:10:00,2443.9,2444.0,2435.2,2440.2,7733976.3184
31,2021-06-16 18:15:00,2440.2,2444.1,2437.1,2437.5,5532703.666
32,2021-06-16 18:20:00,2437.5,2438.6,2429.2,2430.6,6039611.5344
33,2021-06-16 18:25:00,2430.6,2430.6,2421.6,2424.6,5166611.7655
34,2021-06-16 18:30:00,2424.6,2431.4,2423.0,2424.5,3885547.1512
35,2021-06-16 18:35:00,2424.5,2427.6,2417.3,2419.8,4000841.8254
36,2021-06-16 18:40:00,2419.8,2419.9,2415.1,2419.4,6423621.938
37,2021-06-16 18:45:00,2419.4,2420.5,2406.0,2406.0,8819826.7961
38,2021-06-16 18:50:00,2406.0,2409.2,2385.6,2393.4,24910699.411
39,2021-06-16 18:55:00,2393.4,2397.4,2389.0,2394.2,8739987.2372
40,2021-06-16 19:00:00,2394.2,2394.2,2378.9,2381.1,17090540.2254
41,2021-06-16 19:05:00,2381.1,2394.1,2380.3,2388.4,8667277.7708
42,2021-06-16 19:10:00,2388.4,2407.3,2388.1,2406.7,16958001.1619
43,2021-06-16 19:15:00,2406.7,2407.8,2393.1,2393.1,6842063.5923
44,2021-06-16 19:20:00,2393.1,2402.1,2393.1,2399.0,4774485.2773
45,2021-06-16 19:25:00,2399.0,2404.4,2397.9,2403.0,2526602.3142
46,2021-06-16 19:30:00,2403.0,2410.5,2402.8,2408.8,7852228.0194
47,2021-06-16 19:35:00,2408.8,2424.0,2408.5,2417.4,12184665.0705
48,2021-06-16 19:40:00,2417.4,2417.4,2411.1,2416.3,8407677.4607
49,2021-06-16 19:45:00,2416.3,2416.3,2410.0,2412.9,3261822.6693
50,2021-06-16 19:50:00,2412.9,2422.1,2411.2,2413.7,2147413.7215
51,2021-06-16 19:55:00,2413.7,2429.9,2411.3,2425.2,4449351.4636
52,2021-06-16 20:00:00,2425.2,2458.0,2393.3,2440.3,57066352.5388
53,2021-06-16 20:05:00,2440.3,2454.3,2425.2,2435.8,24304481.4227
54,2021-06-16 20:10:00,2435.8,2435.8,2366.6,2412.8,70596796.5364
55,2021-06-16 20:15:00,2412.8,2412.8,2392.7,2400.7,15031366.7559
56,2021-06-16 20:20:00,2400.7,2404.3,2385.0,2399.0,12708966.6679
57,2021-06-16 20:25:00,2399.0,2401.4,2395.0,2398.4,4197608.7954
58,2021-06-16 20:30:00,2398.4,2406.4,2393.5,2403.0,12795900.7924
59,2021-06-16 20:35:00,2403.0,2405.1,2391.3,2404.9,5904256.9713
60,2021-06-16 20:40:00,2404.7,2405.7,2396.8,2397.8,5029582.9898
61,2021-06-16 20:45:00,2397.8,2411.5,2396.0,2410.6,10806238.9979
62,2021-06-16 20:50:00,2410.6,2416.4,2405.1,2416.3,4381033.0859
63,2021-06-16 20:55:00,2416.3,2417.8,2409.2,2416.8,8687596.4317
64,2021-06-16 21:00:00,2416.8,2426.4,2412.9,2420.4,12904376.2713
65,2021-06-16 21:05:00,2420.4,2423.3,2419.1,2423.3,3199958.5104
66,2021-06-16 21:10:00,2423.3,2428.6,2419.9,2425.4,4638296.7787
67,2021-06-16 21:15:00,2425.4,2428.2,2423.3,2426.5,3959203.1293
68,2021-06-16 21:20:00,2426.5,2427.4,2426.1,2427.1,554804.6624
69,2021-06-16 21:25:00,2427.1,2427.1,2427.1,2427.1,0.0
70,2021-06-16 21:30:00,2427.1,2427.1,2427.1,2427.1,0.0
71,2021-06-16 21:35:00,2427.1,2427.1,2427.1,2427.1,0.0
72,2021-06-16 21:40:00,2427.1,2427.1,2427.1,2427.1,0.0
73,2021-06-16 21:45:00,2427.1,2427.1,2427.1,2427.1,0.0
74,2021-06-16 21:50:00,2427.1,2427.1,2427.1,2427.1,0.0
75,2021-06-16 21:55:00,2427.1,2427.1,2427.1,2427.1,0.0
76,2021-06-16 22:00:00,2427.1,2427.1,2427.1,2427.1,0.0
77,2021-06-16 22:05:00,2427.1,2427.1,2427.1,2427.1,0.0
78,2021-06-16 22:10:00,2427.1,2427.2,2398.6,2413.2,22341416.0817
79,2021-06-16 22:15:00,2413.2,2420.7,2406.1,2406.4,10029619.4307
80,2021-06-16 22:20:00,2406.4,2408.5,2401.7,2404.4,5256040.3157
81,2021-06-16 22:25:00,2404.4,2409.3,2400.2,2405.2,3808495.9319
82,2021-06-16 22:30:00,2405.2,2408.7,2401.5,2403.4,2407557.6666
83,2021-06-16 22:35:00,2403.4,2404.6,2394.2,2397.2,6482033.0065
84,2021-06-16 22:40:00,2397.2,2405.6,2397.2,2402.2,1842580.773
85,2021-06-16 22:45:00,2402.2,2408.2,2400.1,2403.9,3328468.9766
86,2021-06-16 22:50:00,2403.9,2408.8,2402.9,2405.0,2438759.6601
87,2021-06-16 22:55:00,2405.0,2406.4,2396.5,2398.2,3406996.9872
88,2021-06-16 23:00:00,2398.2,2401.1,2394.1,2399.3,5246955.5841
89,2021-06-16 23:05:00,2399.3,2400.1,2392.3,2397.1,2971342.9867
90,2021-06-16 23:10:00,2397.1,2401.5,2393.6,2393.9,4198642.6732
91,2021-06-16 23:15:00,2394.0,2403.5,2393.0,2401.9,3504394.9373
92,2021-06-16 23:20:00,2401.9,2407.6,2401.9,2403.4,2029002.9539
93,2021-06-16 23:25:00,2403.4,2409.4,2402.4,2407.6,3278782.1515
94,2021-06-16 23:30:00,2407.6,2409.2,2407.2,2409.2,970004.3413
95,2021-06-16 23:35:00,2409.2,2412.1,2409.2,2410.1,2560875.3569
96,2021-06-16 23:40:00,2410.1,2411.6,2404.6,2406.0,3867436.8472
97,2021-06-16 23:45:00,2406.0,2409.2,2406.0,2408.7,782374.8333
98,2021-06-16 23:50:00,2408.7,2418.5,2406.7,2417.0,5973846.6442
99,2021-06-16 23:55:00,2417.0,2417.0,2409.8,2412.1,2071135.1911
100,2021-06-17 00:00:00,2412.1,2415.2,2408.9,2412.4,2552750.8304
101,2021-06-17 00:05:00,2412.4,2417.3,2409.0,2415.0,4147454.0133
102,2021-06-17 00:10:00,2415.0,2416.1,2406.9,2408.1,2298632.6146
103,2021-06-17 00:15:00,2408.1,2408.2,2399.9,2402.3,4581414.0132
104,2021-06-17 00:20:00,2402.3,2407.1,2402.1,2404.8,1640519.033
105,2021-06-17 00:25:00,2404.8,2408.3,2394.9,2397.4,4640339.7311
106,2021-06-17 00:30:00,2397.3,2400.0,2391.3,2397.2,3400398.0703
107,2021-06-17 00:35:00,2397.2,2397.4,2387.5,2389.7,2005523.7544
108,2021-06-17 00:40:00,2389.7,2391.9,2383.5,2385.6,3971113.9296
109,2021-06-17 00:45:00,2385.6,2393.8,2383.7,2389.9,2438554.1663
110,2021-06-17 00:50:00,2389.9,2390.0,2382.8,2386.5,2139302.0255
111,2021-06-17 00:55:00,2386.5,2390.7,2383.1,2386.1,2574023.3124
112,2021-06-17 01:00:00,2386.1,2386.6,2359.7,2367.2,22838827.2475
113,2021-06-17 01:05:00,2367.2,2372.7,2365.2,2365.2,4319853.0074
114,2021-06-17 01:10:00,2365.2,2367.0,2353.8,2360.0,19573802.0615
115,2021-06-17 01:15:00,2360.0,2362.1,2349.7,2361.2,14113938.9527
116,2021-06-17 01:20:00,2361.2,2364.9,2348.8,2355.1,5915684.6832
117,2021-06-17 01:25:00,2355.1,2357.3,2350.2,2354.1,1777410.4035
118,2021-06-17 01:30:00,2354.1,2357.4,2348.0,2351.2,4000288.4583
119,2021-06-17 01:35:00,2351.2,2361.1,2350.1,2359.4,3910763.7963
120,2021-06-17 01:40:00,2359.4,2360.5,2355.1,2355.2,2659955.3724
121,2021-06-17 01:45:00,2355.2,2361.5,2354.8,2361.0,1975423.0418
122,2021-06-17 01:50:00,2361.0,2362.7,2357.7,2359.1,3709060.4902
123,2021-06-17 01:55:00,2359.1,2367.5,2357.4,2365.8,7789753.7347
124,2021-06-17 02:00:00,2365.8,2371.1,2355.0,2362.6,59704338.3384
125,2021-06-17 02:05:00,2362.6,2381.9,2362.2,2380.7,17368798.2126
126,2021-06-17 02:10:00,2380.7,2385.2,2378.7,2383.4,7349718.1586
127,2021-06-17 02:15:00,2383.3,2387.5,2377.0,2379.4,7245655.1015
128,2021-06-17 02:20:00,2379.4,2388.3,2374.5,2385.4,5504039.5204
129,2021-06-17 02:25:00,2385.4,2391.2,2382.2,2390.1,6494746.2204
130,2021-06-17 02:30:00,2390.1,2400.0,2389.8,2394.7,9881202.5363
131,2021-06-17 02:35:00,2394.6,2394.6,2390.0,2391.1,2748754.215
132,2021-06-17 02:40:00,2391.1,2399.8,2390.1,2397.5,3569086.0519
133,2021-06-17 02:45:00,2397.5,2397.5,2390.3,2393.5,2030108.4701
134,2021-06-17 02:50:00,2393.5,2394.6,2389.7,2392.4,3544477.6989
135,2021-06-17 02:55:00,2392.4,2396.2,2391.6,2394.9,1143020.4002
136,2021-06-17 03:00:00,2394.9,2400.0,2389.1,2389.5,2697100.9181
137,2021-06-17 03:05:00,2389.5,2399.5,2389.2,2397.9,1809052.4464
138,2021-06-17 03:10:00,2397.9,2406.9,2397.9,2405.1,4779717.5658
139,2021-06-17 03:15:00,2405.1,2410.0,2398.7,2400.8,8568491.1562
140,2021-06-17 03:20:00,2400.8,2404.5,2399.0,2401.4,2229181.5783
141,2021-06-17 03:25:00,2401.4,2405.0,2400.5,2400.5,1960418.8189
142,2021-06-17 03:30:00,2400.5,2406.1,2400.5,2405.4,1607358.0196
143,2021-06-17 03:35:00,2405.4,2407.1,2402.7,2403.6,2087335.9522
144,2021-06-17 03:40:00,2403.6,2403.8,2400.1,2403.0,1556817.2035
145,2021-06-17 03:45:00,2403.0,2409.2,2402.5,2408.9,4165778.9703
146,2021-06-17 03:50:00,2408.9,2411.8,2404.5,2404.9,3494226.052
147,2021-06-17 03:55:00,2404.9,2413.3,2403.8,2412.4,2565136.6645
148,2021-06-17 04:00:00,2412.4,2416.1,2405.3,2405.6,2794222.8068
149,2021-06-17 04:05:00,2405.6,2415.2,2405.5,2415.2,2157058.3155
150,2021-06-17 04:10:00,2415.2,2420.0,2414.3,2418.9,3869731.9096
151,2021-06-17 04:15:00,2418.9,2420.0,2414.5,2414.7,2377750.5152
152,2021-06-17 04:20:00,2414.7,2427.0,2414.7,2424.4,3642986.7975
153,2021-06-17 04:25:00,2424.4,2426.5,2420.3,2424.4,2816013.9598
154,2021-06-17 04:30:00,2424.4,2428.8,2421.5,2422.9,2756033.4264
155,2021-06-17 04:35:00,2422.9,2422.9,2418.8,2420.8,2392619.4327
156,2021-06-17 04:40:00,2420.8,2424.3,2420.5,2421.8,1641085.0655
157,2021-06-17 04:45:00,2421.7,2422.0,2415.2,2419.1,2220551.9444
158,2021-06-17 04:50:00,2419.1,2420.0,2416.6,2417.8,2179825.6112
159,2021-06-17 04:55:00,2417.8,2421.2,2415.1,2416.5,1840177.0066
160,2021-06-17 05:00:00,2416.5,2432.6,2416.4,2430.6,11043388.9751
161,2021-06-17 05:05:00,2430.6,2434.2,2425.2,2427.6,5403795.4708
162,2021-06-17 05:10:00,2427.5,2433.8,2427.0,2429.5,2250519.9022
163,2021-06-17 05:15:00,2429.5,2434.7,2427.0,2428.9,3053771.3314
164,2021-06-17 05:20:00,2428.9,2437.1,2426.9,2432.8,3814765.0483
165,2021-06-17 05:25:00,2432.8,2432.8,2429.8,2431.6,1069210.9496
166,2021-06-17 05:30:00,2431.6,2438.7,2430.4,2431.4,2641040.8405
167,2021-06-17 05:35:00,2431.4,2436.8,2431.4,2433.5,2062110.45
168,2021-06-17 05:40:00,2433.5,2433.9,2431.8,2433.4,942627.4018
169,2021-06-17 05:45:00,2433.4,2435.3,2429.4,2429.9,2574529.8806
170,2021-06-17 05:50:00,2429.9,2431.2,2426.7,2426.9,2454647.6083
171,2021-06-17 05:55:00,2426.9,2433.6,2426.9,2432.2,3049951.1179
172,2021-06-17 06:00:00,2432.2,2437.8,2429.4,2435.5,3071838.9902
173,2021-06-17 06:05:00,2435.5,2441.5,2435.5,2438.5,7922664.1409
174,2021-06-17 06:10:00,2438.5,2441.1,2434.2,2435.7,2760930.7385
175,2021-06-17 06:15:00,2435.7,2438.3,2434.0,2435.0,1346112.7132
176,2021-06-17 06:20:00,2435.0,2438.2,2434.6,2435.5,1514730.3211
177,2021-06-17 06:25:00,2435.5,2437.8,2433.5,2433.5,1565241.084
178,2021-06-17 06:30:00,2433.4,2437.2,2432.9,2437.2,1826292.3921
179,2021-06-17 06:35:00,2437.2,2440.5,2430.2,2431.0,3698583.6656
180,2021-06-17 06:40:00,2431.0,2431.0,2420.0,2422.4,7550206.9964
181,2021-06-17 06:45:00,2422.4,2425.0,2420.5,2423.1,3668293.617
182,2021-06-17 06:50:00,2423.1,2427.3,2421.4,2423.6,1374562.1126
183,2021-06-17 06:55:00,2423.6,2426.1,2423.0,2424.7,1834390.39
184,2021-06-17 07:00:00,2424.7,2430.5,2418.0,2420.4,4153318.1439
185,2021-06-17 07:05:00,2420.4,2421.3,2410.8,2415.0,8036999.6505
186,2021-06-17 07:10:00,2415.0,2421.4,2414.6,2418.7,2270790.5178
187,2021-06-17 07:15:00,2418.7,2423.4,2414.1,2414.2,2239619.7354
188,2021-06-17 07:20:00,2414.2,2418.1,2414.2,2416.0,1185520.694
189,2021-06-17 07:25:00,2416.0,2421.0,2416.0,2419.1,1540819.4038
190,2021-06-17 07:30:00,2419.1,2424.8,2419.1,2422.3,1534287.0067
191,2021-06-17 07:35:00,2422.3,2425.1,2419.9,2420.2,1384120.401
192,2021-06-17 07:40:00,2420.2,2420.2,2415.5,2419.0,2455223.4054
193,2021-06-17 07:45:00,2419.0,2423.2,2417.4,2422.0,1209990.766
194,2021-06-17 07:50:00,2422.0,2423.6,2418.9,2420.0,2184886.3314
195,2021-06-17 07:55:00,2420.0,2420.7,2413.4,2413.7,2997726.6479
196,2021-06-17 08:00:00,2413.7,2419.5,2413.7,2419.1,1891877.8329
197,2021-06-17 08:05:00,2419.1,2422.3,2419.1,2420.2,2061425.528
198,2021-06-17 08:10:00,2420.2,2421.3,2419.1,2421.1,3708599.1102
199,2021-06-17 08:15:00,2421.1,2421.3,2416.4,2418.2,754166.7008
200,2021-06-17 08:20:00,2418.2,2428.1,2418.2,2426.0,2828359.5758
201,2021-06-17 08:25:00,2426.0,2439.8,2426.0,2436.0,9123501.8397
202,2021-06-17 08:30:00,2436.0,2438.5,2430.3,2431.4,3018776.4301
203,2021-06-17 08:35:00,2431.4,2437.4,2431.4,2433.5,1890272.882
204,2021-06-17 08:40:00,2433.5,2442.3,2433.5,2440.7,3093642.6281
205,2021-06-17 08:45:00,2440.7,2441.0,2437.1,2439.2,3681517.3889
206,2021-06-17 08:50:00,2439.2,2448.9,2439.2,2446.9,7953335.9495
207,2021-06-17 08:55:00,2446.9,2447.3,2444.2,2445.1,2223151.1295
208,2021-06-17 09:00:00,2445.1,2448.3,2442.1,2444.5,3895686.2152
209,2021-06-17 09:05:00,2444.5,2460.0,2442.9,2455.7,17734787.3413
210,2021-06-17 09:10:00,2455.7,2455.9,2451.5,2451.8,3539197.6175
211,2021-06-17 09:15:00,2451.8,2452.0,2445.1,2448.4,5153460.3811
212,2021-06-17 09:20:00,2448.4,2451.6,2447.3,2449.7,4661839.28
213,2021-06-17 09:25:00,2449.7,2456.9,2449.7,2453.0,4586513.0351
214,2021-06-17 09:30:00,2453.0,2455.7,2452.2,2453.3,2740191.5532
215,2021-06-17 09:35:00,2453.3,2455.7,2449.8,2451.7,3528085.2555
216,2021-06-17 09:40:00,2451.7,2455.0,2450.7,2455.0,1722636.5475
217,2021-06-17 09:45:00,2455.0,2455.1,2445.5,2445.9,4378850.553
218,2021-06-17 09:50:00,2445.9,2447.3,2439.9,2442.9,9929076.3834
219,2021-06-17 09:55:00,2442.9,2445.0,2439.1,2439.8,2721430.7738
220,2021-06-17 10:00:00,2439.8,2448.4,2439.8,2442.0,5336518.9142
221,2021-06-17 10:05:00,2442.0,2443.5,2435.0,2436.5,6063949.0711
222,2021-06-17 10:10:00,2436.5,2441.9,2436.5,2439.9,2747160.2705
223,2021-06-17 10:15:00,2439.9,2444.7,2439.7,2440.0,2735334.2548
224,2021-06-17 10:20:00,2440.0,2447.3,2437.7,2444.7,2473163.2293
225,2021-06-17 10:25:00,2444.7,2445.4,2440.9,2442.5,3205695.8277
226,2021-06-17 10:30:00,2442.5,2454.4,2442.5,2448.3,5071653.4121
227,2021-06-17 10:35:00,2448.3,2450.6,2445.8,2447.0,1551312.0836
228,2021-06-17 10:40:00,2447.0,2447.1,2440.0,2441.6,3562970.8384
229,2021-06-17 10:45:00,2441.6,2442.9,2425.5,2430.5,14737182.7828
230,2021-06-17 10:50:00,2430.5,2431.8,2428.4,2429.7,4920491.4039
231,2021-06-17 10:55:00,2429.7,2439.9,2429.7,2438.3,4593581.458
232,2021-06-17 11:00:00,2438.3,2445.7,2438.3,2438.9,4505122.0276
233,2021-06-17 11:05:00,2438.9,2441.7,2438.1,2438.9,1519383.3436
234,2021-06-17 11:10:00,2438.9,2440.1,2434.5,2437.1,3461983.72
235,2021-06-17 11:15:00,2437.1,2437.4,2429.5,2432.2,2700516.995
236,2021-06-17 11:20:00,2432.2,2432.7,2428.0,2431.9,1766498.2018
237,2021-06-17 11:25:00,2431.9,2438.1,2429.9,2435.1,3373583.5225
238,2021-06-17 11:30:00,2435.1,2441.0,2435.1,2439.3,3168488.423
239,2021-06-17 11:35:00,2439.3,2441.3,2436.9,2441.0,1324042.705
240,2021-06-17 11:40:00,2441.0,2441.0,2436.5,2437.1,1394644.4803
241,2021-06-17 11:45:00,2437.1,2438.7,2430.5,2432.0,1339194.0062
242,2021-06-17 11:50:00,2432.0,2444.9,2431.5,2442.6,2722599.1306
243,2021-06-17 11:55:00,2442.6,2447.6,2440.9,2445.2,3038347.1188
244,2021-06-17 12:00:00,2445.2,2450.9,2442.8,2444.9,5418045.7873
245,2021-06-17 12:05:00,2444.9,2444.9,2438.7,2439.8,1365313.1875
246,2021-06-17 12:10:00,2439.8,2442.8,2439.2,2442.6,1380982.0307
247,2021-06-17 12:15:00,2442.6,2448.6,2442.1,2443.1,2125902.496
248,2021-06-17 12:20:00,2443.1,2444.7,2440.3,2443.9,2090405.445
249,2021-06-17 12:25:00,2443.9,2446.2,2442.4,2442.8,968184.3984
250,2021-06-17 12:30:00,2442.8,2443.5,2437.3,2438.6,4419527.8525
251,2021-06-17 12:35:00,2438.6,2440.6,2432.4,2435.8,3700289.2194
252,2021-06-17 12:40:00,2435.8,2438.1,2433.7,2433.8,906303.2289
253,2021-06-17 12:45:00,2433.8,2436.4,2432.4,2434.7,1150828.143
254,2021-06-17 12:50:00,2434.7,2434.8,2428.1,2432.6,3618434.6795
255,2021-06-17 12:55:00,2432.6,2433.9,2428.7,2430.1,2290571.3212
256,2021-06-17 13:00:00,2430.1,2434.2,2430.1,2434.2,1586283.2494
257,2021-06-17 13:05:00,2434.2,2436.7,2433.6,2435.0,2431761.8559
258,2021-06-17 13:10:00,2435.0,2440.9,2435.0,2439.8,1586990.5978
259,2021-06-17 13:15:00,2439.8,2440.2,2434.2,2434.2,1305983.2432
260,2021-06-17 13:20:00,2434.2,2435.1,2430.4,2430.6,2667113.3934
261,2021-06-17 13:25:00,2430.6,2432.0,2425.9,2431.6,3434440.8914
262,2021-06-17 13:30:00,2431.6,2432.4,2426.1,2426.7,3594006.1783
263,2021-06-17 13:35:00,2426.7,2429.1,2426.0,2428.6,2316448.4967
264,2021-06-17 13:40:00,2428.6,2429.6,2426.1,2426.7,2210174.449
265,2021-06-17 13:45:00,2426.7,2431.1,2421.8,2421.9,6129321.9409
266,2021-06-17 13:50:00,2421.9,2426.2,2421.9,2423.4,1913570.5414
267,2021-06-17 13:55:00,2423.4,2427.5,2422.9,2423.7,2091927.8621
268,2021-06-17 14:00:00,2423.7,2425.1,2413.9,2415.8,9709897.8212
269,2021-06-17 14:05:00,2415.6,2421.6,2415.2,2420.1,3335145.8748
270,2021-06-17 14:10:00,2420.1,2421.8,2395.5,2398.9,13201140.0103
271,2021-06-17 14:15:00,2398.9,2402.4,2389.0,2395.2,10929688.8864
272,2021-06-17 14:20:00,2395.2,2400.9,2393.7,2394.0,10721962.8813
273,2021-06-17 14:25:00,2394.0,2396.8,2382.7,2390.7,9449134.5293
274,2021-06-17 14:30:00,2390.7,2391.7,2384.5,2386.0,5654204.7614
275,2021-06-17 14:35:00,2386.0,2390.0,2383.4,2386.1,4687099.9756
276,2021-06-17 14:40:00,2386.2,2389.9,2380.2,2385.5,5205660.1888
277,2021-06-17 14:45:00,2385.5,2388.9,2376.4,2388.5,8701674.2439
278,2021-06-17 14:50:00,2388.5,2392.9,2386.5,2388.8,5923037.8487
279,2021-06-17 14:55:00,2388.8,2388.9,2383.1,2387.7,3113380.5389
280,2021-06-17 15:00:00,2387.7,2391.9,2380.8,2385.7,12273369.7053
281,2021-06-17 15:05:00,2385.7,2385.9,2381.1,2381.4,2251496.3123
282,2021-06-17 15:10:00,2381.4,2381.4,2373.8,2380.6,4719793.5968
283,2021-06-17 15:15:00,2380.6,2380.8,2371.0,2375.9,4891353.6221
284,2021-06-17 15:20:00,2375.9,2379.5,2367.8,2377.1,10042440.0177
285,2021-06-17 15:25:00,2377.1,2378.9,2373.5,2378.6,2206298.8282
286,2021-06-17 15:30:00,2378.6,2387.7,2378.1,2387.0,4474482.0466
287,2021-06-17 15:35:00,2387.0,2388.4,2384.2,2387.2,3113524.3701
288,2021-06-17 15:40:00,2387.2,2387.6,2380.7,2380.8,2336941.0064
289,2021-06-17 15:45:00,2380.8,2385.0,2380.0,2385.0,2197995.1341
290,2021-06-17 15:50:00,2385.0,2385.7,2379.2,2380.5,2132213.8008
291,2021-06-17 15:55:00,2380.5,2380.5,2373.3,2376.5,3535787.8653
292,2021-06-17 16:00:00,2376.5,2376.8,2363.0,2369.5,9639909.7721
293,2021-06-17 16:05:00,2369.5,2372.8,2365.6,2371.1,4152092.0081
294,2021-06-17 16:10:00,2371.1,2373.4,2369.0,2373.1,6856864.3568
295,2021-06-17 16:15:00,2373.1,2383.3,2373.1,2382.7,12665343.9738
296,2021-06-17 16:20:00,2382.7,2383.3,2378.0,2380.6,6063452.4529
297,2021-06-17 16:25:00,2380.6,2404.3,2380.6,2400.9,21528844.5706
298,2021-06-17 16:30:00,2400.7,2412.0,2400.3,2404.4,18992708.2139
299,2021-06-17 16:35:00,2404.4,2408.5,2402.3,2402.6,3795338.753
300,2021-06-17 16:40:00,2402.6,2403.2,2389.6,2393.6,7018692.8266
301,2021-06-17 16:45:00,2393.6,2398.0,2388.3,2390.4,8047566.858
302,2021-06-17 16:50:00,2390.4,2400.9,2390.0,2398.6,7203580.0454
303,2021-06-17 16:55:00,2398.5,2399.9,2393.9,2398.7,4733041.701
304,2021-06-17 17:00:00,2398.7,2406.8,2398.2,2400.9,4808321.0183
305,2021-06-17 17:05:00,2400.9,2401.9,2394.6,2396.0,5268800.3437
306,2021-06-17 17:10:00,2396.0,2399.4,2391.5,2399.4,3925011.2977
307,2021-06-17 17:15:00,2399.4,2399.8,2393.0,2395.7,3181916.805
308,2021-06-17 17:20:00,2395.7,2397.7,2393.5,2396.3,2145098.0912
309,2021-06-17 17:25:00,2396.3,2400.5,2396.3,2397.8,1819299.2875
310,2021-06-17 17:30:00,2397.8,2410.3,2397.8,2408.2,4748330.5482
311,2021-06-17 17:35:00,2408.2,2408.5,2401.2,2407.4,4254026.4123
312,2021-06-17 17:40:00,2407.4,2408.9,2403.1,2403.3,2569888.7161
313,2021-06-17 17:45:00,2403.3,2412.1,2403.3,2411.6,7227907.5903
314,2021-06-17 17:50:00,2411.6,2421.0,2410.2,2415.4,13869242.8821
315,2021-06-17 17:55:00,2415.4,2417.6,2414.2,2416.4,7298248.2761
316,2021-06-17 18:00:00,2416.4,2424.7,2404.9,2406.3,12786578.4082
317,2021-06-17 18:05:00,2406.3,2408.5,2398.0,2402.8,14150593.129
318,2021-06-17 18:10:00,2402.8,2405.0,2400.0,2400.0,2787811.5946
319,2021-06-17 18:15:00,2400.0,2400.0,2380.1,2383.6,16971875.2052
320,2021-06-17 18:20:00,2383.6,2385.3,2370.0,2383.9,9929496.8819
321,2021-06-17 18:25:00,2383.9,2385.0,2374.0,2377.2,5895541.5101
322,2021-06-17 18:30:00,2377.2,2380.0,2369.5,2379.8,4963787.4581
323,2021-06-17 18:35:00,2379.8,2381.6,2375.0,2375.0,3814397.1286
324,2021-06-17 18:40:00,2375.0,2376.9,2364.9,2367.3,11141990.0487
325,2021-06-17 18:45:00,2367.3,2369.2,2358.3,2364.9,5900561.9509
326,2021-06-17 18:50:00,2364.9,2367.5,2353.4,2359.8,8014215.5902
327,2021-06-17 18:55:00,2359.8,2365.5,2353.5,2362.0,7387072.7274
328,2021-06-17 19:00:00,2362.0,2367.0,2352.7,2358.9,6796179.8829
329,2021-06-17 19:05:00,2358.9,2360.0,2352.7,2358.1,5708077.1515
330,2021-06-17 19:10:00,2358.1,2358.1,2333.1,2338.9,20630579.8332
331,2021-06-17 19:15:00,2338.9,2342.0,2327.5,2330.7,12989927.1872
332,2021-06-17 19:20:00,2330.7,2330.7,2314.5,2325.8,22048335.8243
333,2021-06-17 19:25:00,2325.8,2325.8,2309.3,2313.9,18091058.7642
334,2021-06-17 19:30:00,2313.9,2326.6,2303.7,2325.4,20923377.1824
335,2021-06-17 19:35:00,2325.4,2330.0,2314.1,2316.0,20320180.5628
336,2021-06-17 19:40:00,2316.0,2325.0,2314.1,2324.7,22711938.9121
337,2021-06-17 19:45:00,2324.7,2326.8,2320.6,2324.9,3248104.495
338,2021-06-17 19:50:00,2324.9,2325.3,2314.0,2318.4,8444787.1571
339,2021-06-17 19:55:00,2318.4,2318.5,2309.0,2311.4,6506417.096
340,2021-06-17 20:00:00,2311.4,2326.2,2307.0,2324.4,14930788.9924
341,2021-06-17 20:05:00,2324.3,2324.9,2309.1,2315.4,4532867.1979
342,2021-06-17 20:10:00,2315.4,2321.0,2310.5,2319.4,3835231.3801
343,2021-06-17 20:15:00,2319.4,2321.7,2313.1,2319.9,3318099.0435
344,2021-06-17 20:20:00,2319.9,2319.9,2313.8,2318.8,3432687.88
345,2021-06-17 20:25:00,2318.8,2321.3,2316.0,2319.6,2834096.8691
346,2021-06-17 20:30:00,2319.6,2327.8,2308.1,2326.5,7645417.8018
347,2021-06-17 20:35:00,2326.5,2334.0,2323.3,2325.9,10786470.8679
348,2021-06-17 20:40:00,2325.9,2330.8,2324.0,2329.3,5988492.3412
349,2021-06-17 20:45:00,2329.3,2337.2,2326.1,2336.4,5031988.645
350,2021-06-17 20:50:00,2336.4,2336.4,2326.7,2328.2,3131072.3337
351,2021-06-17 20:55:00,2328.2,2330.3,2325.3,2328.5,3428488.6427
352,2021-06-17 21:00:00,2328.5,2329.7,2322.8,2328.5,4753980.3366
353,2021-06-17 21:05:00,2328.5,2333.6,2326.1,2327.9,1971513.9964
354,2021-06-17 21:10:00,2327.9,2333.6,2326.7,2330.8,2809774.4309
355,2021-06-17 21:15:00,2330.8,2330.8,2325.3,2327.3,2704051.6073
356,2021-06-17 21:20:00,2327.3,2337.8,2327.3,2336.0,2234632.1046
357,2021-06-17 21:25:00,2336.0,2338.4,2333.6,2335.7,3636906.9801
358,2021-06-17 21:30:00,2335.7,2341.9,2335.1,2337.3,4774991.3173
359,2021-06-17 21:35:00,2337.3,2350.0,2337.0,2347.5,9449467.1845
360,2021-06-17 21:40:00,2347.5,2348.9,2341.6,2343.2,4022451.7459
361,2021-06-17 21:45:00,2343.2,2344.7,2337.1,2337.9,2792157.7053
362,2021-06-17 21:50:00,2337.9,2340.0,2333.8,2334.6,2578543.7139
363,2021-06-17 21:55:00,2334.6,2340.4,2333.8,2337.8,2071074.1524
364,2021-06-17 22:00:00,2337.8,2338.1,2318.5,2328.9,12760076.4578
365,2021-06-17 22:05:00,2328.7,2342.2,2325.1,2340.9,9120877.5892
366,2021-06-17 22:10:00,2340.9,2354.5,2339.1,2352.2,16814273.8146
367,2021-06-17 22:15:00,2352.2,2352.2,2341.4,2343.5,4384025.3315
368,2021-06-17 22:20:00,2343.5,2343.5,2334.3,2339.6,3437592.9162
369,2021-06-17 22:25:00,2339.6,2346.8,2337.9,2345.5,3957971.0703
370,2021-06-17 22:30:00,2345.5,2345.8,2333.7,2338.0,5178149.1353
371,2021-06-17 22:35:00,2338.0,2338.0,2333.0,2334.4,3955376.4131
372,2021-06-17 22:40:00,2334.4,2342.3,2334.0,2341.7,2086555.4375
373,2021-06-17 22:45:00,2341.7,2348.7,2339.7,2345.3,2845067.0341
374,2021-06-17 22:50:00,2345.3,2345.4,2337.9,2338.3,4128293.1786
375,2021-06-17 22:55:00,2338.3,2342.3,2338.1,2342.3,1184145.5731
376,2021-06-17 23:00:00,2342.3,2342.3,2337.0,2338.3,2713648.3546
377,2021-06-17 23:05:00,2338.3,2338.3,2332.5,2336.0,2791640.1754
378,2021-06-17 23:10:00,2336.0,2336.0,2331.2,2332.9,1798242.6725
379,2021-06-17 23:15:00,2332.8,2333.4,2331.1,2331.8,1651346.3884
380,2021-06-17 23:20:00,2331.8,2338.3,2331.3,2338.0,1834751.9053
381,2021-06-17 23:25:00,2338.0,2342.0,2337.0,2340.0,1164916.1166
382,2021-06-17 23:30:00,2340.0,2340.1,2335.2,2335.7,1696726.3741
383,2021-06-17 23:35:00,2335.7,2336.3,2334.4,2335.1,1014167.3738
384,2021-06-17 23:40:00,2335.1,2343.0,2335.1,2343.0,1508480.8685
385,2021-06-17 23:45:00,2343.0,2345.6,2342.1,2345.6,2452954.3367
386,2021-06-17 23:50:00,2345.6,2346.9,2342.6,2346.8,2150078.9974
387,2021-06-17 23:55:00,2346.8,2347.7,2344.4,2345.5,2760609.6901
388,2021-06-18 00:00:00,2345.5,2345.5,2339.0,2341.7,3757619.4009
389,2021-06-18 00:05:00,2341.7,2341.7,2335.5,2338.9,2037797.8911
390,2021-06-18 00:10:00,2338.9,2340.8,2334.4,2337.5,2563557.0699
391,2021-06-18 00:15:00,2337.5,2345.7,2336.8,2344.3,3040791.2457
392,2021-06-18 00:20:00,2344.3,2344.7,2334.2,2336.8,1975853.4696
393,2021-06-18 00:25:00,2336.8,2346.1,2336.8,2345.4,2911853.637
394,2021-06-18 00:30:00,2345.4,2345.9,2336.4,2337.6,4324356.0991
395,2021-06-18 00:35:00,2337.6,2338.9,2331.6,2331.8,3121540.6459
396,2021-06-18 00:40:00,2331.8,2343.5,2330.3,2341.5,3463313.8737
397,2021-06-18 00:45:00,2341.5,2346.7,2337.9,2345.8,4992748.614
398,2021-06-18 00:50:00,2345.8,2349.0,2343.6,2345.4,3975966.4202
399,2021-06-18 00:55:00,2345.4,2360.0,2344.5,2358.7,8426622.4329
400,2021-06-18 01:00:00,2358.7,2370.0,2352.8,2366.2,9468817.131
401,2021-06-18 01:05:00,2366.2,2376.7,2366.2,2374.6,13862809.6457
402,2021-06-18 01:10:00,2374.6,2375.5,2370.2,2373.8,10740700.2054
403,2021-06-18 01:15:00,2373.8,2373.8,2367.6,2372.2,2833174.3293
404,2021-06-18 01:20:00,2372.2,2372.3,2365.5,2367.9,3776838.2018
405,2021-06-18 01:25:00,2367.9,2367.9,2360.0,2362.8,5029548.495
406,2021-06-18 01:30:00,2362.8,2362.8,2355.9,2356.0,2707260.1715
407,2021-06-18 01:35:00,2356.0,2368.8,2356.0,2361.2,7474685.1357
408,2021-06-18 01:40:00,2361.2,2363.5,2359.8,2360.7,2065989.5835
409,2021-06-18 01:45:00,2360.7,2370.2,2360.0,2370.2,4409069.3808
410,2021-06-18 01:50:00,2370.2,2379.1,2368.8,2371.1,9517472.6925
411,2021-06-18 01:55:00,2371.1,2373.9,2366.7,2371.5,4191899.027
412,2021-06-18 02:00:00,2371.5,2372.5,2362.9,2367.4,15765048.8121
413,2021-06-18 02:05:00,2367.4,2367.5,2359.0,2364.1,5328808.0205
414,2021-06-18 02:10:00,2364.1,2375.7,2364.0,2375.7,3318873.5002
415,2021-06-18 02:15:00,2375.7,2375.7,2370.7,2373.6,4083158.9543
416,2021-06-18 02:20:00,2373.6,2374.0,2364.4,2364.5,3053946.6164
417,2021-06-18 02:25:00,2364.5,2368.9,2364.2,2364.5,1534234.7937
418,2021-06-18 02:30:00,2364.5,2368.5,2364.3,2367.6,2158696.2219
419,2021-06-18 02:35:00,2367.6,2367.6,2363.0,2363.4,1500661.4509
420,2021-06-18 02:40:00,2363.4,2363.4,2355.9,2356.6,4001147.5008
421,2021-06-18 02:45:00,2356.6,2362.2,2355.6,2359.3,1978911.8843
422,2021-06-18 02:50:00,2359.3,2365.6,2357.4,2358.7,2667282.4511
423,2021-06-18 02:55:00,2358.7,2361.3,2341.3,2347.9,12275499.8985
424,2021-06-18 03:00:00,2347.9,2352.8,2341.1,2341.9,5274231.7496
425,2021-06-18 03:05:00,2341.9,2349.8,2341.4,2347.4,2638016.7665
426,2021-06-18 03:10:00,2347.3,2352.5,2346.4,2347.2,2738225.6401
427,2021-06-18 03:15:00,2347.2,2352.0,2345.2,2345.5,2090189.8465
428,2021-06-18 03:20:00,2345.5,2347.1,2342.7,2343.6,2396372.6975
429,2021-06-18 03:25:00,2343.6,2346.2,2333.0,2333.3,8519278.9057
430,2021-06-18 03:30:00,2333.3,2336.6,2324.3,2326.5,8039162.3541
431,2021-06-18 03:35:00,2326.5,2332.4,2319.4,2330.9,5461596.3311
432,2021-06-18 03:40:00,2330.9,2335.5,2325.6,2335.5,3512760.6255
433,2021-06-18 03:45:00,2335.5,2340.9,2333.9,2335.1,3341326.8193
434,2021-06-18 03:50:00,2335.1,2336.1,2328.0,2329.7,3883514.3973
435,2021-06-18 03:55:00,2329.7,2332.6,2325.9,2330.1,4046475.5665
436,2021-06-18 04:00:00,2330.1,2330.1,2321.1,2327.3,5286286.1435
437,2021-06-18 04:05:00,2327.3,2329.9,2313.0,2315.5,10442527.5227
438,2021-06-18 04:10:00,2315.5,2319.8,2312.8,2317.7,6157132.1702
439,2021-06-18 04:15:00,2317.7,2322.2,2310.4,2312.3,5614847.1481
440,2021-06-18 04:20:00,2312.3,2318.0,2310.0,2311.2,3572408.5365
441,2021-06-18 04:25:00,2311.2,2322.2,2311.2,2322.0,4523188.163
442,2021-06-18 04:30:00,2322.0,2334.2,2318.2,2334.2,13301511.8125
443,2021-06-18 04:35:00,2334.3,2338.8,2330.3,2335.9,4226090.4674
444,2021-06-18 04:40:00,2335.9,2335.9,2330.7,2331.0,2079007.6089
445,2021-06-18 04:45:00,2330.9,2346.7,2330.3,2342.8,6556607.6813
446,2021-06-18 04:50:00,2342.8,2346.9,2340.4,2344.1,4121989.6305
447,2021-06-18 04:55:00,2344.1,2344.1,2338.1,2338.5,3085318.571
448,2021-06-18 05:00:00,2338.5,2343.0,2336.0,2339.4,4595836.5911
449,2021-06-18 05:05:00,2339.4,2347.6,2338.6,2345.0,3700921.8116
450,2021-06-18 05:10:00,2345.3,2345.6,2331.1,2337.6,10902020.011
451,2021-06-18 05:15:00,2337.6,2340.0,2333.9,2339.3,2590049.976
452,2021-06-18 05:20:00,2339.3,2341.6,2337.7,2338.5,3781030.9739
453,2021-06-18 05:25:00,2338.5,2342.3,2338.4,2340.0,2542627.6943
454,2021-06-18 05:30:00,2340.0,2340.2,2334.3,2335.3,2418482.348
455,2021-06-18 05:35:00,2335.3,2338.3,2335.0,2335.6,2598495.3007
456,2021-06-18 05:40:00,2335.6,2346.1,2335.6,2343.9,5306675.115
457,2021-06-18 05:45:00,2343.9,2351.5,2343.8,2344.9,11049080.7182
458,2021-06-18 05:50:00,2344.9,2344.9,2341.5,2343.1,5447331.821
459,2021-06-18 05:55:00,2343.1,2343.1,2337.5,2339.1,5918759.7254
460,2021-06-18 06:00:00,2339.1,2344.5,2339.1,2340.4,3011937.2044
461,2021-06-18 06:05:00,2340.4,2340.5,2335.6,2337.1,3740565.1749
462,2021-06-18 06:10:00,2337.1,2337.9,2333.9,2336.6,2539968.3121
463,2021-06-18 06:15:00,2336.6,2338.9,2334.7,2338.4,2254660.9989
464,2021-06-18 06:20:00,2338.4,2344.5,2337.8,2341.1,4097863.8234
465,2021-06-18 06:25:00,2341.1,2343.7,2340.6,2341.1,3089283.3517
466,2021-06-18 06:30:00,2341.1,2345.1,2341.0,2343.2,5078417.7533
467,2021-06-18 06:35:00,2343.2,2355.7,2343.2,2353.2,9854666.3025
468,2021-06-18 06:40:00,2353.2,2353.2,2349.5,2351.9,3689235.2847
469,2021-06-18 06:45:00,2351.9,2351.9,2348.8,2350.9,3994241.4179
470,2021-06-18 06:50:00,2350.9,2364.6,2350.9,2359.8,10420302.539
471,2021-06-18 06:55:00,2359.5,2359.9,2356.2,2356.4,4746924.0603
472,2021-06-18 07:00:00,2356.4,2364.6,2355.6,2357.5,5511168.7061
473,2021-06-18 07:05:00,2357.5,2357.7,2352.6,2355.0,3305240.2571
474,2021-06-18 07:10:00,2355.0,2356.0,2351.9,2352.3,2255499.551
475,2021-06-18 07:15:00,2352.3,2357.8,2351.2,2356.8,2732175.6311
476,2021-06-18 07:20:00,2356.8,2356.8,2353.0,2353.1,2451055.8826
477,2021-06-18 07:25:00,2353.1,2361.5,2353.1,2358.0,4477290.395
478,2021-06-18 07:30:00,2358.0,2361.4,2358.0,2360.5,3262903.4157
479,2021-06-18 07:35:00,2360.5,2366.8,2360.4,2361.2,5206590.8318
480,2021-06-18 07:40:00,2361.2,2362.8,2353.4,2355.0,3191571.6539
481,2021-06-18 07:45:00,2355.0,2355.0,2342.9,2343.5,8077120.047
482,2021-06-18 07:50:00,2343.4,2347.4,2331.5,2334.6,15075166.5902
483,2021-06-18 07:55:00,2334.6,2338.6,2330.8,2336.7,5007651.1499
484,2021-06-18 08:00:00,2336.7,2338.1,2330.4,2333.6,5629133.0808
485,2021-06-18 08:05:00,2333.6,2335.2,2331.0,2334.6,4729027.0031
486,2021-06-18 08:10:00,2334.6,2337.8,2334.4,2335.9,4467371.8855
487,2021-06-18 08:15:00,2335.9,2340.8,2326.4,2329.7,10572360.3818
488,2021-06-18 08:20:00,2329.7,2330.1,2321.8,2327.0,11730487.7493
489,2021-06-18 08:25:00,2327.0,2331.4,2325.6,2329.8,4391969.0406
490,2021-06-18 08:30:00,2329.8,2329.9,2325.1,2329.2,3113223.4507
491,2021-06-18 08:35:00,2329.2,2335.0,2329.2,2331.2,2343955.1464
492,2021-06-18 08:40:00,2331.2,2335.5,2330.3,2333.7,4627239.307
493,2021-06-18 08:45:00,2333.7,2335.8,2325.0,2327.9,7937989.4268
494,2021-06-18 08:50:00,2327.9,2328.7,2321.1,2322.1,4116463.8462
495,2021-06-18 08:55:00,2322.1,2326.3,2321.7,2323.5,4195022.2309
496,2021-06-18 09:00:00,2323.5,2331.9,2323.5,2328.8,3090526.8482
497,2021-06-18 09:05:00,2328.8,2335.2,2325.1,2330.7,3172631.2089
498,2021-06-18 09:10:00,2330.7,2334.7,2330.7,2332.4,2964124.8264
499,2021-06-18 09:15:00,2332.4,2337.5,2329.5,2336.9,3223975.2129
500,2021-06-18 09:20:00,2336.9,2338.4,2334.8,2336.3,2625023.6844
501,2021-06-18 09:25:00,2336.3,2339.0,2334.5,2338.1,2184782.4812
502,2021-06-18 09:30:00,2338.1,2348.1,2334.5,2341.1,7013212.6
503,2021-06-18 09:35:00,2341.1,2345.3,2340.7,2345.3,3753161.7
504,2021-06-18 09:40:00,2345.3,2346.5,2343.4,2345.4,2157894.7012
505,2021-06-18 09:45:00,2345.4,2349.2,2341.3,2343.2,4248989.4777
506,2021-06-18 09:50:00,2343.1,2345.3,2338.7,2340.8,2478939.9379
507,2021-06-18 09:55:00,2340.3,2340.8,2336.2,2338.8,2638121.1699
508,2021-06-18 10:00:00,2338.8,2340.9,2332.1,2336.0,4765010.5272
509,2021-06-18 10:05:00,2336.0,2355.5,2335.4,2353.5,11725323.2996
510,2021-06-18 10:10:00,2353.5,2356.8,2346.7,2346.7,5559293.7096
511,2021-06-18 10:15:00,2346.7,2353.0,2346.7,2348.0,1985841.5762
512,2021-06-18 10:20:00,2348.0,2354.5,2348.0,2353.8,3003107.0651
513,2021-06-18 10:25:00,2353.8,2355.0,2351.6,2354.0,6692680.8066
514,2021-06-18 10:30:00,2354.0,2355.9,2348.9,2349.6,3900301.0076
515,2021-06-18 10:35:00,2349.6,2353.5,2349.4,2352.9,2355150.3759
516,2021-06-18 10:40:00,2353.1,2354.2,2348.5,2348.6,2991355.2039
517,2021-06-18 10:45:00,2348.6,2351.3,2341.2,2343.3,3367950.8908
518,2021-06-18 10:50:00,2343.3,2349.4,2343.3,2345.1,2817796.3221
519,2021-06-18 10:55:00,2345.1,2347.6,2339.0,2343.3,5821430.615
520,2021-06-18 11:00:00,2343.3,2347.3,2333.3,2336.0,9606547.8374
521,2021-06-18 11:05:00,2336.0,2339.1,2332.1,2336.1,7945337.7445
522,2021-06-18 11:10:00,2336.1,2340.9,2336.1,2337.4,3938507.6389
523,2021-06-18 11:15:00,2337.4,2338.9,2324.6,2327.0,8628694.1015
524,2021-06-18 11:20:00,2327.0,2328.0,2317.7,2326.9,18093717.6442
525,2021-06-18 11:25:00,2326.9,2326.9,2316.3,2317.6,9217197.4399
526,2021-06-18 11:30:00,2317.6,2323.6,2315.0,2319.1,4385758.3627
527,2021-06-18 11:35:00,2319.1,2319.1,2310.4,2312.0,6275764.8703
528,2021-06-18 11:40:00,2312.1,2315.1,2303.4,2306.9,5690429.1698
529,2021-06-18 11:45:00,2306.9,2316.0,2306.6,2315.9,2784401.6792
530,2021-06-18 11:50:00,2315.9,2316.1,2290.4,2294.5,17835972.0351
531,2021-06-18 11:55:00,2294.5,2300.8,2293.0,2296.9,8299054.5428
532,2021-06-18 12:00:00,2296.9,2297.3,2283.5,2292.7,15459564.0443
533,2021-06-18 12:05:00,2292.7,2294.0,2277.6,2282.0,8606231.5129
534,2021-06-18 12:10:00,2282.0,2289.7,2280.5,2287.6,9952353.7642
535,2021-06-18 12:15:00,2287.6,2292.7,2277.0,2279.4,6990409.126
536,2021-06-18 12:20:00,2279.4,2299.3,2277.0,2299.1,8939889.8561
537,2021-06-18 12:25:00,2299.1,2315.5,2298.7,2310.5,40904689.2804
538,2021-06-18 12:30:00,2310.5,2329.6,2310.4,2319.7,11506583.9999
539,2021-06-18 12:35:00,2319.7,2323.0,2314.2,2318.6,4115730.2191
540,2021-06-18 12:40:00,2318.6,2325.2,2318.6,2323.7,5919943.9046
541,2021-06-18 12:45:00,2323.7,2327.5,2317.6,2322.8,5884490.5125
542,2021-06-18 12:50:00,2322.8,2324.2,2319.6,2319.6,2751306.9321
543,2021-06-18 12:55:00,2319.6,2331.8,2319.6,2328.4,3558588.0032
544,2021-06-18 13:00:00,2328.4,2340.1,2328.0,2334.3,13344178.2443
545,2021-06-18 13:05:00,2334.3,2336.5,2329.6,2329.6,3250462.4013
546,2021-06-18 13:10:00,2329.6,2333.6,2329.2,2333.1,4471461.9601
547,2021-06-18 13:15:00,2333.1,2335.8,2328.2,2328.2,3928389.3639
548,2021-06-18 13:20:00,2328.2,2329.6,2316.2,2318.3,5431079.1463
549,2021-06-18 13:25:00,2318.3,2322.9,2315.1,2316.0,2400591.4871
550,2021-06-18 13:30:00,2316.0,2319.5,2308.6,2310.0,5909554.6212
551,2021-06-18 13:35:00,2310.0,2312.9,2309.1,2310.8,2565111.8638
552,2021-06-18 13:40:00,2310.8,2322.8,2310.7,2318.1,3957548.2286
553,2021-06-18 13:45:00,2318.1,2323.4,2318.1,2322.4,4984716.9901
554,2021-06-18 13:50:00,2322.4,2324.1,2310.8,2315.6,3670617.8841
555,2021-06-18 13:55:00,2315.6,2318.7,2312.7,2318.1,1923152.6017
556,2021-06-18 14:00:00,2318.1,2324.1,2302.2,2304.5,12307766.2865
557,2021-06-18 14:05:00,2304.5,2307.6,2298.1,2305.8,13313691.9996
558,2021-06-18 14:10:00,2305.8,2305.8,2294.1,2296.8,12543645.9522
559,2021-06-18 14:15:00,2296.8,2296.8,2284.2,2289.0,14134913.7899
560,2021-06-18 14:20:00,2289.0,2300.1,2282.4,2298.9,9719690.4975
561,2021-06-18 14:25:00,2298.9,2298.9,2282.0,2290.2,7559456.0294
562,2021-06-18 14:30:00,2290.2,2297.9,2285.4,2288.7,8027170.0511
563,2021-06-18 14:35:00,2288.7,2292.3,2281.2,2289.3,8590864.8704
564,2021-06-18 14:40:00,2289.3,2289.3,2267.0,2272.6,18620275.0434
565,2021-06-18 14:45:00,2272.6,2278.4,2268.8,2275.3,7383525.8594
566,2021-06-18 14:50:00,2275.3,2285.4,2275.3,2277.9,15885463.4303
567,2021-06-18 14:55:00,2277.9,2287.1,2276.0,2284.0,10735005.5841
568,2021-06-18 15:00:00,2284.0,2295.1,2284.0,2293.5,9105968.8589
569,2021-06-18 15:05:00,2293.5,2298.0,2280.8,2281.1,10628841.6867
570,2021-06-18 15:10:00,2281.1,2285.2,2265.8,2268.3,14107342.5607
571,2021-06-18 15:15:00,2268.3,2282.8,2267.7,2271.8,18258959.8421
572,2021-06-18 15:20:00,2271.8,2278.4,2260.3,2265.2,17543639.651
573,2021-06-18 15:25:00,2265.2,2278.5,2264.1,2275.2,11557075.7565
574,2021-06-18 15:30:00,2275.2,2281.2,2272.2,2278.1,14471880.4128
575,2021-06-18 15:35:00,2278.1,2280.7,2267.6,2270.3,22849503.8181
576,2021-06-18 15:40:00,2270.3,2275.0,2267.2,2273.6,9021058.9845
577,2021-06-18 15:45:00,2273.6,2280.4,2272.7,2279.4,11363861.9752
578,2021-06-18 15:50:00,2279.4,2279.4,2267.9,2270.6,11460509.572
579,2021-06-18 15:55:00,2270.6,2279.8,2270.5,2277.7,7718238.9097
580,2021-06-18 16:00:00,2277.7,2286.5,2277.2,2281.0,29032231.0123
581,2021-06-18 16:05:00,2281.0,2282.9,2265.0,2268.6,16078398.1739
582,2021-06-18 16:10:00,2268.5,2270.0,2246.0,2250.8,42122311.2858
583,2021-06-18 16:15:00,2250.8,2251.1,2227.6,2243.4,28791656.8339
584,2021-06-18 16:20:00,2243.4,2252.0,2239.1,2251.9,8088974.237
585,2021-06-18 16:25:00,2251.9,2252.6,2245.6,2249.7,7572159.1277
586,2021-06-18 16:30:00,2249.7,2253.8,2240.3,2252.0,9872827.4744
587,2021-06-18 16:35:00,2252.0,2255.2,2249.2,2252.7,4915379.1996
588,2021-06-18 16:40:00,2252.7,2252.7,2239.9,2243.1,7738534.6264
589,2021-06-18 16:45:00,2243.1,2249.4,2242.6,2247.3,3106474.2681
590,2021-06-18 16:50:00,2247.3,2251.8,2245.8,2249.7,8291556.338
591,2021-06-18 16:55:00,2249.7,2250.5,2235.0,2246.9,7375627.556
592,2021-06-18 17:00:00,2246.9,2257.8,2241.8,2254.4,9160546.849
593,2021-06-18 17:05:00,2254.4,2260.0,2247.0,2248.0,6085336.4315
594,2021-06-18 17:10:00,2248.1,2252.0,2243.8,2243.8,4186699.8575
595,2021-06-18 17:15:00,2243.8,2246.1,2232.8,2235.0,10887555.984
596,2021-06-18 17:20:00,2235.0,2239.9,2230.7,2234.4,8468706.8395
597,2021-06-18 17:25:00,2234.4,2236.3,2222.0,2231.1,17110127.5095
598,2021-06-18 17:30:00,2231.1,2239.7,2225.5,2237.1,6643139.3172
599,2021-06-18 17:35:00,2237.1,2239.6,2230.9,2236.2,5264556.7741
600,2021-06-18 17:40:00,2236.2,2237.4,2231.0,2235.5,3000602.8985
601,2021-06-18 17:45:00,2235.5,2239.2,2215.5,2220.6,17820511.1468
602,2021-06-18 17:50:00,2220.8,2225.8,2210.0,2216.6,16687849.5458
603,2021-06-18 17:55:00,2216.6,2221.4,2211.0,2213.9,8894925.6657
604,2021-06-18 18:00:00,2214.3,2229.4,2209.9,2214.7,23449760.4934
605,2021-06-18 18:05:00,2214.7,2223.4,2206.1,2221.1,15728621.603
606,2021-06-18 18:10:00,2221.1,2224.2,2215.3,2221.8,8222889.4486
607,2021-06-18 18:15:00,2221.8,2226.1,2219.5,2220.8,5675746.3647
608,2021-06-18 18:20:00,2220.8,2230.6,2218.7,2229.0,6563045.0822
609,2021-06-18 18:25:00,2229.0,2234.3,2228.1,2233.9,8148797.1582
610,2021-06-18 18:30:00,2233.9,2238.7,2231.0,2238.5,8399705.5993
611,2021-06-18 18:35:00,2238.5,2241.5,2232.2,2232.3,5171442.1334
612,2021-06-18 18:40:00,2232.3,2239.7,2232.2,2239.5,2399866.6853
613,2021-06-18 18:45:00,2239.6,2241.1,2235.9,2241.1,4184335.3648
614,2021-06-18 18:50:00,2241.1,2244.6,2239.0,2239.3,5391796.8688
615,2021-06-18 18:55:00,2239.3,2239.7,2232.9,2236.1,4769008.6179
616,2021-06-18 19:00:00,2236.1,2237.2,2218.8,2220.0,11925699.1741
617,2021-06-18 19:05:00,2220.0,2226.4,2217.7,2226.4,11903069.4623
618,2021-06-18 19:10:00,2226.4,2227.0,2214.6,2216.5,12413576.8845
619,2021-06-18 19:15:00,2216.5,2221.0,2210.5,2217.0,10695306.68
620,2021-06-18 19:20:00,2217.0,2223.9,2216.1,2217.0,3454211.9092
621,2021-06-18 19:25:00,2217.0,2224.0,2217.0,2221.3,3307958.5976
622,2021-06-18 19:30:00,2221.3,2228.4,2217.4,2217.4,3902920.4421
623,2021-06-18 19:35:00,2217.3,2217.3,2208.4,2209.8,6100739.6196
624,2021-06-18 19:40:00,2209.8,2218.1,2206.2,2213.9,5409504.7702
625,2021-06-18 19:45:00,2213.9,2221.5,2208.9,2210.6,5113959.3295
626,2021-06-18 19:50:00,2210.6,2212.3,2205.4,2206.8,5911680.3008
627,2021-06-18 19:55:00,2206.8,2211.5,2201.1,2202.0,5787358.1529
628,2021-06-18 20:00:00,2202.0,2210.4,2201.0,2206.2,5077606.8476
629,2021-06-18 20:05:00,2206.2,2211.3,2203.6,2205.2,5141241.4429
630,2021-06-18 20:10:00,2205.2,2205.2,2190.0,2192.4,15095221.0781
631,2021-06-18 20:15:00,2192.2,2204.7,2190.1,2193.6,13078441.2406
632,2021-06-18 20:20:00,2193.6,2197.2,2185.0,2186.3,10794066.0411
633,2021-06-18 20:25:00,2186.3,2188.9,2145.4,2155.3,34564689.9382
634,2021-06-18 20:30:00,2155.0,2175.2,2152.7,2169.0,27886595.6624
635,2021-06-18 20:35:00,2169.0,2170.0,2145.6,2150.8,20672112.641
636,2021-06-18 20:40:00,2150.8,2164.2,2143.3,2158.3,12084566.5939
637,2021-06-18 20:45:00,2158.3,2169.1,2151.2,2156.7,9737290.3979
638,2021-06-18 20:50:00,2156.7,2162.3,2136.8,2143.9,21618304.6568
639,2021-06-18 20:55:00,2143.9,2153.1,2138.9,2152.6,11320351.2567
640,2021-06-18 21:00:00,2152.6,2165.5,2147.2,2158.7,19706816.7927
641,2021-06-18 21:05:00,2158.7,2163.5,2155.0,2156.7,13838091.9064
642,2021-06-18 21:10:00,2156.7,2161.7,2146.0,2158.5,18765506.619
643,2021-06-18 21:15:00,2158.5,2168.6,2156.8,2161.0,25770034.9609
644,2021-06-18 21:20:00,2161.0,2162.6,2152.4,2156.5,9146765.9193
645,2021-06-18 21:25:00,2156.5,2168.3,2154.2,2162.5,11294949.6414
646,2021-06-18 21:30:00,2162.5,2167.1,2159.0,2161.9,10629779.7789
647,2021-06-18 21:35:00,2161.9,2164.3,2156.6,2162.6,8979562.522
648,2021-06-18 21:40:00,2162.6,2166.9,2159.4,2165.8,6996751.7049
649,2021-06-18 21:45:00,2165.8,2166.4,2153.7,2156.0,6274102.9509
650,2021-06-18 21:50:00,2156.0,2164.5,2156.0,2156.8,4237426.3939
651,2021-06-18 21:55:00,2156.8,2160.6,2151.0,2153.5,4228655.4979
652,2021-06-18 22:00:00,2153.5,2181.8,2150.3,2181.8,18493320.2873
653,2021-06-18 22:05:00,2181.9,2186.1,2175.0,2184.5,10688448.5667
654,2021-06-18 22:10:00,2184.5,2185.9,2179.6,2184.9,3989272.9977
655,2021-06-18 22:15:00,2184.9,2195.1,2184.0,2195.0,10068290.3138
656,2021-06-18 22:20:00,2195.0,2205.9,2192.4,2205.4,9222632.4941
657,2021-06-18 22:25:00,2205.4,2205.4,2193.8,2194.3,4414662.5038
658,2021-06-18 22:30:00,2194.3,2195.9,2185.6,2186.5,9317387.5544
659,2021-06-18 22:35:00,2186.5,2187.8,2177.1,2182.4,15331539.6139
660,2021-06-18 22:40:00,2182.4,2189.9,2180.0,2183.6,6500206.2563
661,2021-06-18 22:45:00,2183.6,2183.6,2176.3,2180.0,8806451.128
662,2021-06-18 22:50:00,2180.0,2189.6,2180.0,2186.1,4224635.6515
663,2021-06-18 22:55:00,2185.7,2194.0,2185.1,2193.5,5260011.094
664,2021-06-18 23:00:00,2193.5,2203.0,2189.1,2203.0,10818233.2609
665,2021-06-18 23:05:00,2203.0,2213.3,2201.2,2204.3,14619597.0064
666,2021-06-18 23:10:00,2204.3,2204.8,2194.7,2201.8,4838735.0539
667,2021-06-18 23:15:00,2201.8,2203.1,2195.1,2198.5,4806138.639
668,2021-06-18 23:20:00,2198.5,2200.0,2195.5,2198.1,2279154.2941
669,2021-06-18 23:25:00,2198.1,2209.0,2193.1,2206.4,5686639.9
670,2021-06-18 23:30:00,2206.4,2211.1,2197.1,2204.1,5224800.2145
671,2021-06-18 23:35:00,2204.1,2210.9,2202.5,2206.9,4559463.7765
672,2021-06-18 23:40:00,2206.9,2215.7,2205.4,2213.0,6849027.1902
673,2021-06-18 23:45:00,2213.0,2218.5,2207.6,2209.6,5070518.1305
674,2021-06-18 23:50:00,2209.6,2212.6,2204.4,2212.0,3029908.3794
675,2021-06-18 23:55:00,2212.0,2224.2,2209.5,2220.9,5420281.3409
676,2021-06-19 00:00:00,2220.9,2220.9,2213.6,2213.6,4682603.2316
677,2021-06-19 00:05:00,2213.6,2214.3,2208.7,2209.7,3305261.9897
678,2021-06-19 00:10:00,2209.7,2211.2,2203.1,2208.9,6297761.5986
679,2021-06-19 00:15:00,2208.6,2215.4,2207.0,2211.4,2942415.5938
680,2021-06-19 00:20:00,2211.4,2211.4,2203.0,2203.3,4122890.8187
681,2021-06-19 00:25:00,2203.3,2207.0,2198.9,2204.4,3621407.2478
682,2021-06-19 00:30:00,2204.4,2206.6,2197.0,2205.8,3988442.5687
683,2021-06-19 00:35:00,2205.8,2210.6,2203.0,2203.0,2457330.353
684,2021-06-19 00:40:00,2203.0,2210.4,2201.5,2201.7,3855290.5215
685,2021-06-19 00:45:00,2201.7,2204.6,2198.4,2200.5,2694988.0233
686,2021-06-19 00:50:00,2200.5,2210.1,2200.5,2208.8,3252441.3418
687,2021-06-19 00:55:00,2208.8,2216.4,2207.8,2214.5,6533112.9939
688,2021-06-19 01:00:00,2214.5,2214.8,2205.8,2205.8,4885659.7967
689,2021-06-19 01:05:00,2205.8,2207.9,2201.4,2202.1,3547015.3349
690,2021-06-19 01:10:00,2202.1,2209.2,2200.7,2204.1,3887904.2544
691,2021-06-19 01:15:00,2204.1,2206.3,2198.5,2201.4,3552793.3435
692,2021-06-19 01:20:00,2201.4,2213.9,2200.2,2213.3,4964494.4453
693,2021-06-19 01:25:00,2213.3,2219.9,2210.0,2216.4,10415389.7035
694,2021-06-19 01:30:00,2216.4,2235.0,2216.0,2233.0,12610971.4673
695,2021-06-19 01:35:00,2233.0,2234.1,2226.4,2233.8,3703859.9245
696,2021-06-19 01:40:00,2233.8,2234.5,2231.0,2231.6,4830808.0446
697,2021-06-19 01:45:00,2231.6,2231.6,2226.2,2227.5,2166668.0418
698,2021-06-19 01:50:00,2227.5,2228.3,2220.3,2223.4,2701390.9634
699,2021-06-19 01:55:00,2223.4,2231.9,2218.4,2231.8,5697200.5894
700,2021-06-19 02:00:00,2231.8,2233.1,2221.3,2231.0,43802695.1783
701,2021-06-19 02:05:00,2231.0,2243.7,2228.6,2242.6,8948493.2416
702,2021-06-19 02:10:00,2242.6,2248.4,2238.4,2246.6,6442736.3825
703,2021-06-19 02:15:00,2246.6,2246.6,2240.7,2242.5,3866097.95
704,2021-06-19 02:20:00,2242.5,2242.7,2238.8,2242.2,8808327.0618
705,2021-06-19 02:25:00,2242.2,2252.0,2242.2,2248.3,5585193.2463
706,2021-06-19 02:30:00,2248.3,2250.3,2241.5,2244.6,3043116.216
707,2021-06-19 02:35:00,2244.6,2246.1,2242.1,2243.4,1197383.4604
708,2021-06-19 02:40:00,2243.4,2245.0,2241.5,2243.8,2023415.5827
709,2021-06-19 02:45:00,2243.8,2247.5,2240.3,2240.8,6620497.738
710,2021-06-19 02:50:00,2240.8,2241.3,2230.8,2236.1,6126889.8191
711,2021-06-19 02:55:00,2236.1,2239.6,2234.3,2239.6,1884672.5531
712,2021-06-19 03:00:00,2239.6,2250.7,2238.1,2249.3,11622665.9538
713,2021-06-19 03:05:00,2249.3,2250.2,2246.7,2247.6,2185973.6503
714,2021-06-19 03:10:00,2247.6,2253.2,2246.8,2251.6,9442326.8076
715,2021-06-19 03:15:00,2251.6,2253.7,2247.8,2249.5,3290791.1593
716,2021-06-19 03:20:00,2249.5,2249.8,2245.1,2248.9,2250577.3582
717,2021-06-19 03:25:00,2248.9,2248.9,2240.3,2240.5,3281220.0912
718,2021-06-19 03:30:00,2240.5,2245.3,2240.2,2244.1,4075184.6688
719,2021-06-19 03:35:00,2244.1,2245.9,2241.5,2243.2,2725629.3363
720,2021-06-19 03:40:00,2243.2,2243.5,2236.0,2237.5,6688190.555
721,2021-06-19 03:45:00,2237.9,2242.8,2237.9,2242.8,3159758.4562
722,2021-06-19 03:50:00,2242.8,2248.9,2241.8,2247.7,2410949.9812
723,2021-06-19 03:55:00,2247.7,2250.7,2246.4,2249.3,2075621.5099
724,2021-06-19 04:00:00,2249.3,2253.5,2244.0,2244.0,4212560.42
725,2021-06-19 04:05:00,2244.0,2247.4,2242.0,2242.0,5787441.7629
726,2021-06-19 04:10:00,2242.0,2245.0,2241.4,2242.3,1049488.7901
727,2021-06-19 04:15:00,2242.3,2243.0,2233.3,2235.2,4247970.4177
728,2021-06-19 04:20:00,2235.2,2235.3,2226.0,2227.4,9535539.6974
729,2021-06-19 04:25:00,2227.4,2231.3,2227.4,2228.9,2265374.3004
730,2021-06-19 04:30:00,2228.9,2230.4,2213.0,2215.2,7401463.6265
731,2021-06-19 04:35:00,2215.2,2217.9,2208.7,2213.3,5298364.5705
732,2021-06-19 04:40:00,2213.3,2217.4,2210.4,2213.3,2494646.0082
733,2021-06-19 04:45:00,2213.3,2215.6,2204.7,2205.6,3128874.2947
734,2021-06-19 04:50:00,2205.6,2213.1,2205.6,2209.5,1929411.1638
735,2021-06-19 04:55:00,2209.5,2211.6,2208.2,2209.2,1362494.5051
736,2021-06-19 05:00:00,2209.2,2215.6,2205.1,2207.8,2528995.2119
737,2021-06-19 05:05:00,2207.8,2208.3,2200.0,2203.8,6581187.77
738,2021-06-19 05:10:00,2203.8,2205.2,2195.7,2198.9,6144711.1983
739,2021-06-19 05:15:00,2198.9,2200.5,2193.0,2200.3,3670563.4152
740,2021-06-19 05:20:00,2200.3,2200.4,2186.7,2190.4,8871138.2828
741,2021-06-19 05:25:00,2190.4,2191.2,2165.0,2177.8,18398887.2106
742,2021-06-19 05:30:00,2177.9,2191.6,2173.3,2189.9,10871803.2709
743,2021-06-19 05:35:00,2189.9,2193.1,2182.0,2183.5,4345063.477
744,2021-06-19 05:40:00,2183.5,2189.8,2174.6,2179.1,7554218.7651
745,2021-06-19 05:45:00,2179.3,2184.5,2171.5,2179.7,5036014.9912
746,2021-06-19 05:50:00,2179.7,2184.9,2175.1,2182.1,3566866.0087
747,2021-06-19 05:55:00,2182.1,2188.4,2178.8,2187.9,7860923.8411
748,2021-06-19 06:00:00,2187.9,2196.6,2184.4,2186.0,9636361.3634
749,2021-06-19 06:05:00,2186.0,2191.6,2181.4,2189.9,3651519.8678
750,2021-06-19 06:10:00,2189.9,2190.0,2183.5,2184.8,3008410.9893
751,2021-06-19 06:15:00,2185.0,2185.2,2178.5,2179.5,4335932.9646
752,2021-06-19 06:20:00,2179.5,2189.6,2178.8,2186.9,4999630.9427
753,2021-06-19 06:25:00,2186.9,2199.5,2186.9,2199.1,7274139.7888
754,2021-06-19 06:30:00,2199.1,2214.7,2198.9,2205.2,20114348.5021
755,2021-06-19 06:35:00,2205.2,2205.2,2191.6,2196.1,9269907.0084
756,2021-06-19 06:40:00,2196.1,2200.5,2194.3,2198.9,5138806.0721
757,2021-06-19 06:45:00,2198.8,2198.9,2193.0,2193.0,6926669.8007
758,2021-06-19 06:50:00,2193.0,2195.4,2187.1,2195.4,5674814.6716
759,2021-06-19 06:55:00,2195.3,2198.8,2191.8,2198.4,2942087.91
760,2021-06-19 07:00:00,2198.4,2208.0,2198.4,2205.1,8213764.6935
761,2021-06-19 07:05:00,2205.1,2207.9,2201.1,2206.3,3438014.5069
762,2021-06-19 07:10:00,2206.3,2214.0,2203.0,2213.7,3517852.729
763,2021-06-19 07:15:00,2213.7,2214.2,2207.5,2213.5,9219096.6131
764,2021-06-19 07:20:00,2213.5,2221.1,2211.3,2220.3,13397413.5245
765,2021-06-19 07:25:00,2220.3,2226.1,2219.7,2223.2,20582336.8064
766,2021-06-19 07:30:00,2223.2,2237.8,2223.1,2237.8,23925110.0129
767,2021-06-19 07:35:00,2237.8,2238.4,2233.5,2234.5,12408284.1754
768,2021-06-19 07:40:00,2234.5,2235.3,2228.4,2229.6,12865521.6442
769,2021-06-19 07:45:00,2229.6,2234.1,2227.4,2227.5,3962982.8211
770,2021-06-19 07:50:00,2227.5,2228.5,2223.7,2225.4,4136975.7169
771,2021-06-19 07:55:00,2225.4,2240.0,2225.4,2237.9,7161802.5052
772,2021-06-19 08:00:00,2237.9,2242.5,2232.9,2239.3,6918124.5938
773,2021-06-19 08:05:00,2239.3,2247.4,2239.1,2244.0,21261882.6273
774,2021-06-19 08:10:00,2244.0,2246.6,2242.5,2242.5,6931172.3172
775,2021-06-19 08:15:00,2242.5,2249.1,2238.6,2238.7,11838616.6437
776,2021-06-19 08:20:00,2238.7,2241.3,2233.1,2234.9,4508249.4088
777,2021-06-19 08:25:00,2234.9,2240.4,2234.9,2236.7,3738600.7318
778,2021-06-19 08:30:00,2236.7,2242.3,2235.5,2236.5,5460238.6759
779,2021-06-19 08:35:00,2236.2,2238.0,2234.5,2235.8,6271306.9711
780,2021-06-19 08:40:00,2235.8,2242.8,2235.4,2235.5,3542924.772
781,2021-06-19 08:45:00,2235.5,2238.0,2231.7,2232.0,7070301.0667
782,2021-06-19 08:50:00,2232.0,2232.3,2220.3,2228.3,12225384.3462
783,2021-06-19 08:55:00,2228.3,2239.1,2227.8,2236.2,6139592.0067
784,2021-06-19 09:00:00,2236.2,2241.0,2230.8,2230.8,6156007.0028
785,2021-06-19 09:05:00,2230.8,2232.2,2226.3,2226.5,3568225.5936
786,2021-06-19 09:10:00,2226.5,2228.1,2221.3,2222.2,6377345.3815
787,2021-06-19 09:15:00,2222.2,2225.7,2216.1,2217.9,7887923.2036
788,2021-06-19 09:20:00,2217.9,2221.2,2214.2,2216.5,7381093.5426
789,2021-06-19 09:25:00,2216.5,2220.5,2216.5,2219.3,6366370.7202
790,2021-06-19 09:30:00,2219.3,2227.4,2219.3,2226.7,7984628.6716
791,2021-06-19 09:35:00,2226.7,2237.0,2226.3,2232.3,8852045.1913
792,2021-06-19 09:40:00,2232.3,2240.0,2232.3,2235.0,7099583.3135
793,2021-06-19 09:45:00,2235.0,2248.1,2234.7,2241.8,12130631.523
794,2021-06-19 09:50:00,2241.8,2243.0,2233.2,2239.8,9973525.1395
795,2021-06-19 09:55:00,2239.8,2244.7,2238.5,2244.7,3250949.4346
796,2021-06-19 10:00:00,2244.7,2246.2,2235.7,2239.8,7001187.59
797,2021-06-19 10:05:00,2239.8,2250.1,2235.4,2236.5,9958233.6658
798,2021-06-19 10:10:00,2236.5,2238.0,2228.0,2230.4,7634255.6073
799,2021-06-19 10:15:00,2230.4,2240.9,2228.5,2239.1,7812920.0517
800,2021-06-19 10:20:00,2239.1,2241.0,2232.1,2234.7,2232729.7715
801,2021-06-19 10:25:00,2234.7,2239.2,2234.6,2238.7,839181.2924
802,2021-06-19 10:30:00,2238.7,2258.3,2237.9,2253.5,20244034.6389
803,2021-06-19 10:35:00,2253.5,2254.0,2246.5,2246.9,6080999.7149
804,2021-06-19 10:40:00,2246.9,2253.7,2246.8,2251.3,3719273.8907
805,2021-06-19 10:45:00,2251.3,2251.7,2247.3,2249.5,3096729.9932
806,2021-06-19 10:50:00,2249.5,2249.8,2246.4,2248.8,2833081.4224
807,2021-06-19 10:55:00,2248.8,2253.8,2247.0,2249.1,4386955.4471
808,2021-06-19 11:00:00,2249.1,2250.9,2242.3,2242.7,2228180.5555
809,2021-06-19 11:05:00,2242.7,2251.0,2242.7,2248.9,5941897.4964
810,2021-06-19 11:10:00,2248.9,2249.8,2246.0,2246.0,11393969.9015
811,2021-06-19 11:15:00,2246.0,2246.6,2239.4,2241.6,14125573.556
812,2021-06-19 11:20:00,2241.6,2241.9,2236.0,2237.2,8110478.8732
813,2021-06-19 11:25:00,2237.2,2241.5,2236.9,2237.9,5084085.2208
814,2021-06-19 11:30:00,2237.9,2241.6,2237.8,2238.9,3042101.4122
815,2021-06-19 11:35:00,2238.9,2245.5,2238.3,2245.5,3413570.717
816,2021-06-19 11:40:00,2245.5,2248.6,2236.6,2236.6,5553996.1545
817,2021-06-19 11:45:00,2236.6,2240.4,2225.1,2225.9,14255041.0318
818,2021-06-19 11:50:00,2226.0,2230.0,2223.0,2224.7,8462601.6645
819,2021-06-19 11:55:00,2224.7,2227.7,2221.9,2227.1,6617919.0639
820,2021-06-19 12:00:00,2227.1,2229.1,2223.8,2226.4,5830260.9126
821,2021-06-19 12:05:00,2226.4,2230.7,2226.4,2229.4,2845761.2605
822,2021-06-19 12:10:00,2229.4,2230.2,2226.2,2226.2,1944580.392
823,2021-06-19 12:15:00,2226.2,2226.2,2218.7,2221.0,7622197.9936
824,2021-06-19 12:20:00,2221.0,2224.5,2219.0,2222.6,3345461.9065
825,2021-06-19 12:25:00,2222.6,2234.0,2222.6,2232.3,3382370.4212
826,2021-06-19 12:30:00,2232.3,2241.6,2224.9,2225.5,6329793.4051
827,2021-06-19 12:35:00,2225.5,2230.6,2221.6,2229.7,5557034.9707
828,2021-06-19 12:40:00,2229.7,2231.2,2226.1,2228.4,2412114.0884
829,2021-06-19 12:45:00,2228.4,2232.9,2228.3,2232.7,7766323.841
830,2021-06-19 12:50:00,2232.7,2232.7,2226.7,2226.7,11054862.8932
831,2021-06-19 12:55:00,2226.7,2226.8,2221.3,2221.3,6101611.9384
832,2021-06-19 13:00:00,2221.3,2231.0,2221.3,2230.7,2458701.0804
833,2021-06-19 13:05:00,2230.7,2231.9,2226.7,2228.0,4593922.7978
834,2021-06-19 13:10:00,2228.0,2234.4,2228.0,2234.4,4013041.842
835,2021-06-19 13:15:00,2234.4,2239.1,2232.0,2232.1,3571334.3152
836,2021-06-19 13:20:00,2232.1,2239.2,2232.1,2238.3,2323105.2769
837,2021-06-19 13:25:00,2238.3,2240.4,2235.2,2238.9,1916668.3351
838,2021-06-19 13:30:00,2239.6,2242.9,2235.4,2237.8,4095793.1925
839,2021-06-19 13:35:00,2237.8,2240.9,2236.4,2236.4,1570255.4837
840,2021-06-19 13:40:00,2236.4,2238.4,2234.6,2234.7,2716867.4722
841,2021-06-19 13:45:00,2234.7,2241.0,2234.2,2238.0,14235181.507
842,2021-06-19 13:50:00,2238.0,2241.6,2238.0,2239.1,2843107.6892
843,2021-06-19 13:55:00,2239.1,2243.2,2238.5,2240.4,6380262.5086
844,2021-06-19 14:00:00,2240.4,2244.8,2231.2,2244.2,12768861.5077
845,2021-06-19 14:05:00,2244.2,2256.6,2244.2,2256.6,33120969.27
846,2021-06-19 14:10:00,2256.6,2263.2,2253.9,2261.2,26630853.8702
847,2021-06-19 14:15:00,2261.2,2277.0,2261.1,2268.3,50833626.5524
848,2021-06-19 14:20:00,2268.3,2269.0,2262.4,2265.2,9953322.8806
849,2021-06-19 14:25:00,2265.2,2268.8,2256.7,2258.5,16687372.2506
850,2021-06-19 14:30:00,2258.5,2262.0,2251.6,2253.2,10018270.1742
851,2021-06-19 14:35:00,2253.2,2258.0,2252.2,2252.9,4162379.669
852,2021-06-19 14:40:00,2252.9,2253.2,2246.0,2247.7,6549617.6071
853,2021-06-19 14:45:00,2247.7,2248.3,2229.8,2237.3,25780644.7373
854,2021-06-19 14:50:00,2237.3,2237.4,2225.0,2229.1,24242764.3976
855,2021-06-19 14:55:00,2229.1,2233.9,2227.1,2230.9,8375801.1305
856,2021-06-19 15:00:00,2230.9,2235.3,2217.9,2219.6,10887611.3534
857,2021-06-19 15:05:00,2219.6,2225.0,2215.7,2223.3,6291009.1216
858,2021-06-19 15:10:00,2223.3,2235.0,2221.5,2231.6,30700854.9308
859,2021-06-19 15:15:00,2231.6,2238.9,2231.4,2235.4,9310198.9055
860,2021-06-19 15:20:00,2235.4,2237.4,2232.0,2234.0,3467355.5765
861,2021-06-19 15:25:00,2234.0,2240.0,2234.0,2238.4,5979925.0368
862,2021-06-19 15:30:00,2238.4,2241.4,2233.3,2235.5,4197540.5398
863,2021-06-19 15:35:00,2235.5,2236.7,2230.0,2231.4,5429468.7401
864,2021-06-19 15:40:00,2231.4,2232.8,2228.0,2228.0,12029224.5712
865,2021-06-19 15:45:00,2228.0,2232.6,2227.5,2229.3,3689503.6246
866,2021-06-19 15:50:00,2229.3,2230.7,2227.0,2227.1,3145078.9688
867,2021-06-19 15:55:00,2227.1,2229.8,2221.7,2229.7,9907790.3854
868,2021-06-19 16:00:00,2229.7,2235.5,2229.7,2234.5,2895460.643
869,2021-06-19 16:05:00,2234.5,2237.1,2233.4,2234.2,6085083.5107
870,2021-06-19 16:10:00,2234.2,2234.3,2228.1,2229.9,3405879.9073
871,2021-06-19 16:15:00,2229.9,2236.3,2229.6,2235.8,2361007.6788
872,2021-06-19 16:20:00,2235.8,2247.2,2235.8,2240.3,13779011.6632
873,2021-06-19 16:25:00,2240.3,2242.9,2238.0,2241.3,6772689.5234
874,2021-06-19 16:30:00,2241.3,2253.8,2241.3,2250.8,16052270.0942
875,2021-06-19 16:35:00,2250.8,2254.6,2249.4,2251.6,9643902.2388
876,2021-06-19 16:40:00,2251.6,2251.6,2244.7,2247.4,6927588.4859
877,2021-06-19 16:45:00,2247.4,2250.4,2234.9,2236.0,10578231.5695
878,2021-06-19 16:50:00,2236.0,2245.4,2236.0,2245.4,2271166.9049
879,2021-06-19 16:55:00,2245.4,2251.9,2242.6,2251.2,7074142.2237
880,2021-06-19 17:00:00,2251.7,2259.8,2246.8,2250.4,12097077.2365
881,2021-06-19 17:05:00,2250.4,2252.1,2243.4,2244.1,3788157.5277
882,2021-06-19 17:10:00,2244.1,2254.3,2244.1,2254.3,1849266.3141
883,2021-06-19 17:15:00,2254.3,2254.3,2247.6,2250.4,1821588.1719
884,2021-06-19 17:20:00,2250.4,2251.4,2244.2,2247.1,4156971.337
885,2021-06-19 17:25:00,2247.1,2248.5,2242.2,2244.6,3587835.5329
886,2021-06-19 17:30:00,2244.6,2244.6,2239.3,2240.2,2949582.0623
887,2021-06-19 17:35:00,2240.2,2240.2,2230.2,2232.9,6476291.6907
888,2021-06-19 17:40:00,2232.9,2236.4,2231.6,2234.7,2648300.8758
889,2021-06-19 17:45:00,2234.7,2239.4,2232.6,2239.2,1691540.1708
890,2021-06-19 17:50:00,2239.2,2243.7,2236.4,2242.1,2369504.2824
891,2021-06-19 17:55:00,2242.1,2248.2,2239.4,2246.0,4544534.9799
892,2021-06-19 18:00:00,2246.0,2253.7,2238.8,2242.0,9623541.2569
893,2021-06-19 18:05:00,2242.0,2243.1,2235.1,2237.1,7233118.2828
894,2021-06-19 18:10:00,2237.1,2241.8,2234.7,2235.3,7703480.1759
895,2021-06-19 18:15:00,2235.3,2239.8,2225.6,2226.7,8972588.6939
896,2021-06-19 18:20:00,2226.7,2233.5,2224.8,2233.1,5427765.3672
897,2021-06-19 18:25:00,2233.1,2233.1,2225.5,2226.5,3672911.0185
898,2021-06-19 18:30:00,2226.5,2238.5,2226.5,2237.0,12594167.6394
899,2021-06-19 18:35:00,2237.0,2243.0,2237.0,2240.1,4009585.7417
900,2021-06-19 18:40:00,2240.1,2240.1,2234.0,2235.1,4300924.0175
901,2021-06-19 18:45:00,2235.1,2238.8,2230.5,2232.4,14573407.1432
902,2021-06-19 18:50:00,2232.4,2244.2,2232.4,2242.9,4651119.014
903,2021-06-19 18:55:00,2242.9,2245.5,2241.0,2242.0,10447415.7914
904,2021-06-19 19:00:00,2242.0,2245.2,2235.2,2236.1,8037500.2058
905,2021-06-19 19:05:00,2236.1,2236.1,2230.7,2231.0,8028625.6995
906,2021-06-19 19:10:00,2231.0,2232.4,2229.3,2229.5,17219734.5
907,2021-06-19 19:15:00,2229.5,2234.9,2229.2,2232.6,4359326.435
908,2021-06-19 19:20:00,2232.6,2234.7,2230.7,2234.7,1720127.8999
909,2021-06-19 19:25:00,2234.7,2237.7,2232.5,2232.6,7503968.1454
910,2021-06-19 19:30:00,2232.6,2234.3,2228.4,2233.8,4935582.35
911,2021-06-19 19:35:00,2233.8,2233.8,2226.4,2229.7,8155546.5782
912,2021-06-19 19:40:00,2229.7,2231.1,2225.8,2229.5,3996397.6808
913,2021-06-19 19:45:00,2229.5,2229.5,2224.4,2224.5,2479396.0818
914,2021-06-19 19:50:00,2224.5,2226.2,2223.1,2225.0,7646960.8677
915,2021-06-19 19:55:00,2225.0,2228.3,2219.2,2222.0,13811944.1798
916,2021-06-19 20:00:00,2222.0,2222.0,2191.4,2195.2,21598637.9154
917,2021-06-19 20:05:00,2195.1,2203.2,2190.0,2191.0,8926911.5958
918,2021-06-19 20:10:00,2191.0,2204.7,2190.1,2204.2,17142335.6886
919,2021-06-19 20:15:00,2204.2,2207.6,2195.5,2198.5,22153379.4981
920,2021-06-19 20:20:00,2198.5,2202.4,2196.4,2199.7,4675122.463
921,2021-06-19 20:25:00,2199.7,2202.6,2195.9,2198.1,3112337.6719
922,2021-06-19 20:30:00,2198.1,2198.4,2187.6,2197.5,10173213.8526
923,2021-06-19 20:35:00,2197.5,2200.8,2190.5,2195.1,3491619.1204
924,2021-06-19 20:40:00,2195.1,2201.5,2192.3,2199.6,2660232.9696
925,2021-06-19 20:45:00,2199.6,2206.7,2198.7,2204.3,7738745.195
926,2021-06-19 20:50:00,2204.3,2210.5,2202.3,2206.5,4669194.1529
927,2021-06-19 20:55:00,2206.5,2207.0,2202.0,2205.2,1250926.0629
928,2021-06-19 21:00:00,2205.2,2208.8,2201.3,2206.6,2821839.7956
929,2021-06-19 21:05:00,2206.6,2207.7,2201.5,2205.8,2761623.4206
930,2021-06-19 21:10:00,2205.8,2206.3,2201.3,2202.2,2515918.4094
931,2021-06-19 21:15:00,2202.2,2207.1,2202.0,2205.7,1581997.9332
932,2021-06-19 21:20:00,2205.7,2227.1,2205.6,2221.2,14387524.4158
933,2021-06-19 21:25:00,2221.2,2225.8,2215.7,2216.1,6021630.1852
934,2021-06-19 21:30:00,2216.1,2216.9,2208.3,2209.0,3896300.0136
935,2021-06-19 21:35:00,2209.0,2218.3,2208.8,2216.4,1740641.8433
936,2021-06-19 21:40:00,2216.4,2218.9,2213.9,2218.0,2294305.3924
937,2021-06-19 21:45:00,2218.0,2218.3,2211.0,2212.6,1662224.2987
938,2021-06-19 21:50:00,2212.6,2216.5,2212.6,2214.7,1997270.0851
939,2021-06-19 21:55:00,2214.7,2221.5,2214.7,2220.6,2042207.5196
940,2021-06-19 22:00:00,2220.6,2225.4,2216.5,2216.6,7873389.527
941,2021-06-19 22:05:00,2216.6,2219.5,2216.0,2219.0,4674776.1485
942,2021-06-19 22:10:00,2219.0,2219.5,2216.0,2218.0,5796914.5222
943,2021-06-19 22:15:00,2218.0,2218.1,2213.5,2214.9,1807826.6021
944,2021-06-19 22:20:00,2214.9,2217.1,2212.8,2214.1,1202610.5368
945,2021-06-19 22:25:00,2214.1,2216.6,2205.7,2215.5,6419399.2149
946,2021-06-19 22:30:00,2215.5,2216.7,2211.1,2213.7,1441192.3861
947,2021-06-19 22:35:00,2213.7,2215.8,2212.0,2215.8,2028629.6875
948,2021-06-19 22:40:00,2215.8,2218.4,2215.8,2218.4,1049971.0487
949,2021-06-19 22:45:00,2218.4,2224.0,2217.7,2222.7,10002522.1893
950,2021-06-19 22:50:00,2222.7,2227.3,2222.6,2225.6,8351007.3623
951,2021-06-19 22:55:00,2225.6,2228.0,2223.8,2223.8,3833525.9673
952,2021-06-19 23:00:00,2223.8,2227.9,2221.7,2225.9,2916711.0429
953,2021-06-19 23:05:00,2225.9,2227.0,2222.1,2222.9,4353348.2011
954,2021-06-19 23:10:00,2222.9,2223.9,2221.8,2223.7,5045740.5939
955,2021-06-19 23:15:00,2223.7,2223.9,2220.8,2221.2,1910814.3839
956,2021-06-19 23:20:00,2221.2,2224.7,2220.2,2223.6,1819144.5169
957,2021-06-19 23:25:00,2223.6,2223.6,2220.7,2223.0,2782279.1258
958,2021-06-19 23:30:00,2223.0,2223.1,2221.4,2221.4,2452644.6278
959,2021-06-19 23:35:00,2221.4,2221.7,2219.8,2219.9,1899985.8872
960,2021-06-19 23:40:00,2219.9,2221.1,2207.9,2217.0,11032132.6911
961,2021-06-19 23:45:00,2217.0,2220.5,2213.4,2216.1,1741626.4617
962,2021-06-19 23:50:00,2216.1,2220.2,2213.8,2213.8,2083387.8661
963,2021-06-19 23:55:00,2213.8,2214.1,2203.3,2206.8,10686669.4087
964,2021-06-20 00:00:00,2206.8,2207.5,2194.7,2196.4,8781907.3787
965,2021-06-20 00:05:00,2196.4,2196.4,2191.0,2192.2,21117164.0188
966,2021-06-20 00:10:00,2192.2,2194.3,2188.1,2190.0,13922351.7839
967,2021-06-20 00:15:00,2190.0,2190.5,2181.0,2187.2,15432485.1073
968,2021-06-20 00:20:00,2187.2,2187.6,2181.6,2186.2,3144317.6436
969,2021-06-20 00:25:00,2186.2,2191.5,2182.6,2190.3,2465333.9434
970,2021-06-20 00:30:00,2190.3,2190.5,2174.4,2182.7,8066125.1739
971,2021-06-20 00:35:00,2182.7,2184.9,2178.2,2184.0,3512688.0626
972,2021-06-20 00:40:00,2184.0,2184.0,2177.0,2179.6,1638144.9678
973,2021-06-20 00:45:00,2179.6,2182.4,2174.3,2182.3,3542387.9621
974,2021-06-20 00:50:00,2182.3,2185.4,2178.6,2179.7,3179000.4926
975,2021-06-20 00:55:00,2179.7,2180.6,2171.0,2174.5,9614443.0555
976,2021-06-20 01:00:00,2174.5,2178.3,2166.0,2176.5,8412587.5217
977,2021-06-20 01:05:00,2176.5,2181.8,2173.4,2179.5,2100002.5951
978,2021-06-20 01:10:00,2179.5,2180.4,2173.9,2179.2,2279224.6253
979,2021-06-20 01:15:00,2179.2,2189.3,2176.0,2186.1,9537585.1755
980,2021-06-20 01:20:00,2186.1,2188.0,2183.5,2184.5,2003132.7298
981,2021-06-20 01:25:00,2184.5,2184.7,2175.9,2178.2,2028345.8783
982,2021-06-20 01:30:00,2178.2,2178.7,2169.1,2169.8,4937797.9477
983,2021-06-20 01:35:00,2169.8,2176.2,2167.6,2175.4,1896584.3464
984,2021-06-20 01:40:00,2175.4,2175.4,2168.2,2171.8,2019298.815
985,2021-06-20 01:45:00,2171.8,2171.8,2160.0,2166.3,7871745.89
986,2021-06-20 01:50:00,2166.3,2177.7,2164.4,2176.6,5043445.8151
987,2021-06-20 01:55:00,2176.6,2176.9,2162.0,2162.7,7139443.5964
988,2021-06-20 02:00:00,2162.7,2174.1,2153.1,2167.5,38497131.7164
989,2021-06-20 02:05:00,2167.5,2170.0,2148.4,2158.4,14073831.6785
990,2021-06-20 02:10:00,2158.4,2166.2,2156.8,2165.8,11123187.9811
991,2021-06-20 02:15:00,2165.8,2165.9,2150.8,2155.7,6218608.4813
992,2021-06-20 02:20:00,2155.7,2158.8,2152.7,2152.8,4911078.1928
993,2021-06-20 02:25:00,2152.8,2152.8,2140.8,2148.1,10626613.3054
994,2021-06-20 02:30:00,2148.1,2158.5,2144.0,2153.9,11462211.2125
995,2021-06-20 02:35:00,2153.8,2160.0,2151.0,2157.1,4066353.6846
996,2021-06-20 02:40:00,2157.1,2157.9,2153.6,2154.6,2375668.535
997,2021-06-20 02:45:00,2154.6,2163.2,2149.9,2162.2,6570133.4
998,2021-06-20 02:50:00,2162.2,2169.1,2161.4,2165.1,6279912.936
999,2021-06-20 02:55:00,2165.1,2167.9,2160.6,2167.7,2513928.9294
1000,2021-06-20 03:00:00,2167.7,2189.2,2165.4,2179.7,14940415.0365
1001,2021-06-20 03:05:00,2179.5,2185.1,2177.5,2179.5,5699489.0355
1002,2021-06-20 03:10:00,2179.5,2181.2,2177.0,2177.5,3243792.0477
1003,2021-06-20 03:15:00,2177.5,2182.4,2176.8,2181.5,4683591.5586
1004,2021-06-20 03:20:00,2181.5,2186.6,2180.1,2186.6,4617687.0218
1005,2021-06-20 03:25:00,2186.6,2186.7,2181.4,2182.1,2103854.4695
1006,2021-06-20 03:30:00,2182.1,2182.6,2178.3,2178.6,2314479.5084
1007,2021-06-20 03:35:00,2178.7,2187.1,2178.7,2184.4,5271847.0537
1008,2021-06-20 03:40:00,2184.4,2185.1,2181.8,2184.2,3482209.4163
1009,2021-06-20 03:45:00,2184.2,2184.4,2178.5,2181.2,3410244.3588
1010,2021-06-20 03:50:00,2181.2,2182.4,2178.5,2178.8,2021391.9433
1011,2021-06-20 03:55:00,2178.8,2184.7,2178.8,2181.8,1810024.4255
1012,2021-06-20 04:00:00,2181.8,2182.2,2175.3,2177.9,2309698.8359
1013,2021-06-20 04:05:00,2177.9,2178.4,2171.7,2171.7,1254261.3265
1014,2021-06-20 04:10:00,2171.7,2175.4,2168.1,2169.3,3529368.6057
1015,2021-06-20 04:15:00,2169.3,2169.3,2162.6,2162.6,6111529.7066
1016,2021-06-20 04:20:00,2162.6,2168.9,2159.8,2168.3,4574181.9999
1017,2021-06-20 04:25:00,2168.3,2168.3,2158.9,2158.9,4939885.2584
1018,2021-06-20 04:30:00,2159.1,2162.6,2156.7,2162.2,3293520.2684
1019,2021-06-20 04:35:00,2162.2,2166.5,2159.2,2162.1,1613984.6817
1020,2021-06-20 04:40:00,2162.1,2162.7,2155.3,2157.4,2360368.0351
1021,2021-06-20 04:45:00,2157.4,2164.2,2156.2,2163.5,1826833.5301
1022,2021-06-20 04:50:00,2163.5,2181.3,2162.2,2179.1,9487471.4318
1023,2021-06-20 04:55:00,2179.1,2181.6,2175.4,2178.3,4932508.5157
1024,2021-06-20 05:00:00,2178.3,2178.5,2170.9,2172.9,4154309.4513
1025,2021-06-20 05:05:00,2172.9,2193.0,2172.9,2189.7,8703144.7504
1026,2021-06-20 05:10:00,2189.7,2190.2,2183.1,2184.4,4436584.324
1027,2021-06-20 05:15:00,2184.4,2184.5,2180.7,2181.6,2314385.1168
1028,2021-06-20 05:20:00,2181.6,2187.8,2179.4,2184.0,3339366.5047
1029,2021-06-20 05:25:00,2184.0,2189.8,2184.0,2187.4,2197137.6722
1030,2021-06-20 05:30:00,2187.4,2187.4,2181.3,2183.7,1949697.0133
1031,2021-06-20 05:35:00,2183.7,2185.2,2182.2,2184.4,3862892.8868
1032,2021-06-20 05:40:00,2184.4,2190.9,2183.4,2187.6,3068593.3644
1033,2021-06-20 05:45:00,2187.6,2191.1,2186.2,2187.3,2552336.4582
1034,2021-06-20 05:50:00,2187.3,2188.8,2185.8,2187.2,1849970.1088
1035,2021-06-20 05:55:00,2187.2,2188.6,2181.3,2182.1,4884818.7881
1036,2021-06-20 06:00:00,2182.1,2182.7,2178.4,2182.7,3668865.12
1037,2021-06-20 06:05:00,2182.7,2199.0,2181.3,2196.0,8976302.7158
1038,2021-06-20 06:10:00,2195.9,2196.6,2192.4,2193.4,2518601.9729
1039,2021-06-20 06:15:00,2193.4,2205.4,2190.9,2204.2,9714716.9741
1040,2021-06-20 06:20:00,2204.2,2204.2,2198.5,2199.6,2961442.0463
1041,2021-06-20 06:25:00,2199.6,2203.1,2197.6,2202.3,2800791.4975
1042,2021-06-20 06:30:00,2202.3,2206.5,2200.7,2204.7,7554587.8445
1043,2021-06-20 06:35:00,2204.7,2210.0,2203.9,2205.7,5640427.2146
1044,2021-06-20 06:40:00,2205.7,2208.7,2204.5,2204.6,2682872.2574
1045,2021-06-20 06:45:00,2204.7,2205.2,2201.3,2205.0,2560741.1751
1046,2021-06-20 06:50:00,2205.0,2207.9,2204.8,2205.9,3372276.5233
1047,2021-06-20 06:55:00,2205.9,2209.4,2203.8,2205.3,8011628.5609
1048,2021-06-20 07:00:00,2205.3,2205.7,2199.5,2203.4,7359786.0222
1049,2021-06-20 07:05:00,2203.5,2207.3,2202.5,2207.0,2685542.1904
1050,2021-06-20 07:10:00,2207.0,2209.0,2203.1,2203.9,2937588.1663
1051,2021-06-20 07:15:00,2203.9,2208.5,2202.0,2207.5,7014954.9674
1052,2021-06-20 07:20:00,2207.5,2213.1,2206.5,2211.2,11832563.1325
1053,2021-06-20 07:25:00,2211.2,2212.2,2204.9,2204.9,3346561.8554
1054,2021-06-20 07:30:00,2204.9,2208.6,2203.5,2204.3,5596188.9018
1055,2021-06-20 07:35:00,2204.3,2218.0,2204.3,2216.8,13901129.605
1056,2021-06-20 07:40:00,2216.8,2216.8,2210.6,2213.2,4202302.3685
1057,2021-06-20 07:45:00,2213.2,2214.7,2209.0,2209.9,2907802.4716
1058,2021-06-20 07:50:00,2209.9,2213.1,2209.0,2211.4,1479422.6027
1059,2021-06-20 07:55:00,2211.4,2214.4,2211.2,2211.9,1716508.071
1060,2021-06-20 08:00:00,2211.9,2214.7,2207.0,2208.2,8266016.0031
1061,2021-06-20 08:05:00,2208.2,2209.0,2202.8,2203.1,3776923.6929
1062,2021-06-20 08:10:00,2203.1,2209.2,2201.3,2206.4,4924034.4727
1063,2021-06-20 08:15:00,2206.4,2206.4,2195.5,2200.3,4656415.791
1064,2021-06-20 08:20:00,2200.3,2201.0,2195.9,2199.2,3660271.0954
1065,2021-06-20 08:25:00,2199.2,2204.7,2199.2,2203.9,1585100.8477
1066,2021-06-20 08:30:00,2203.9,2207.2,2202.6,2205.0,1632138.7253
1067,2021-06-20 08:35:00,2205.0,2212.2,2205.0,2210.5,1940549.9842
1068,2021-06-20 08:40:00,2210.5,2211.6,2206.2,2206.2,1678820.9366
1069,2021-06-20 08:45:00,2206.4,2209.0,2199.4,2199.4,2039987.7919
1070,2021-06-20 08:50:00,2199.4,2202.0,2197.4,2198.4,2268964.2008
1071,2021-06-20 08:55:00,2198.4,2200.8,2197.2,2198.2,8538301.9848
1072,2021-06-20 09:00:00,2198.2,2204.6,2197.0,2197.5,4614534.4649
1073,2021-06-20 09:05:00,2197.5,2198.8,2195.2,2195.6,5122523.1206
1074,2021-06-20 09:10:00,2195.6,2198.1,2193.0,2195.0,5530567.8931
1075,2021-06-20 09:15:00,2195.0,2197.8,2195.0,2196.7,8187328.6045
1076,2021-06-20 09:20:00,2196.7,2196.7,2190.6,2191.1,4248038.0901
1077,2021-06-20 09:25:00,2191.1,2194.3,2191.1,2191.2,3980595.6699
1078,2021-06-20 09:30:00,2191.2,2196.0,2190.3,2195.9,1845034.9236
1079,2021-06-20 09:35:00,2195.9,2196.0,2186.0,2188.3,4311804.3663
1080,2021-06-20 09:40:00,2188.3,2188.9,2186.1,2186.3,4151519.7708
1081,2021-06-20 09:45:00,2186.3,2199.6,2186.2,2195.6,2511630.3946
1082,2021-06-20 09:50:00,2195.6,2200.3,2195.1,2198.1,2587006.2932
1083,2021-06-20 09:55:00,2198.1,2203.3,2197.9,2202.3,2873874.8155
1084,2021-06-20 10:00:00,2202.3,2207.3,2195.5,2197.1,4052266.6541
1085,2021-06-20 10:05:00,2197.1,2209.7,2197.1,2207.3,9825350.4696
1086,2021-06-20 10:10:00,2207.3,2208.1,2204.0,2205.5,9387876.8895
1087,2021-06-20 10:15:00,2205.5,2205.6,2200.6,2200.7,2057442.972
1088,2021-06-20 10:20:00,2200.7,2203.1,2191.1,2193.0,11127686.0597
1089,2021-06-20 10:25:00,2193.0,2193.0,2182.4,2191.4,28090836.209
1090,2021-06-20 10:30:00,2191.4,2191.5,2186.6,2190.7,3369819.3758
1091,2021-06-20 10:35:00,2190.7,2191.3,2182.1,2182.4,5151909.1917
1092,2021-06-20 10:40:00,2182.6,2186.9,2177.1,2180.9,15121491.2344
1093,2021-06-20 10:45:00,2180.9,2182.9,2174.5,2178.4,15448034.92
1094,2021-06-20 10:50:00,2178.4,2181.7,2176.6,2179.2,2288040.6448
1095,2021-06-20 10:55:00,2179.2,2183.2,2176.4,2179.3,9347247.408
1096,2021-06-20 11:00:00,2179.3,2182.5,2176.4,2181.2,1854656.0018
1097,2021-06-20 11:05:00,2181.2,2181.5,2171.2,2174.5,11377772.3305
1098,2021-06-20 11:10:00,2174.5,2181.0,2173.9,2179.0,3434179.2973
1099,2021-06-20 11:15:00,2179.0,2180.9,2176.5,2179.6,2207455.7209
1100,2021-06-20 11:20:00,2179.6,2181.2,2177.4,2177.9,1760505.1328
1101,2021-06-20 11:25:00,2177.9,2185.0,2177.9,2183.9,2737101.9247
1102,2021-06-20 11:30:00,2183.9,2186.9,2180.0,2184.0,2378265.7627
1103,2021-06-20 11:35:00,2184.0,2185.0,2180.7,2180.9,1301272.3393
1104,2021-06-20 11:40:00,2180.9,2183.6,2178.5,2179.8,1565371.8757
1105,2021-06-20 11:45:00,2179.8,2183.5,2179.8,2180.2,1070861.4709
1106,2021-06-20 11:50:00,2180.2,2180.2,2162.5,2166.9,17127099.6279
1107,2021-06-20 11:55:00,2166.9,2167.0,2160.6,2164.9,6463738.2422
1108,2021-06-20 12:00:00,2164.9,2167.8,2157.1,2158.6,7161820.6686
1109,2021-06-20 12:05:00,2158.6,2158.6,2123.6,2135.8,47248176.6439
1110,2021-06-20 12:10:00,2135.8,2137.9,2116.7,2129.7,54406806.7677
1111,2021-06-20 12:15:00,2129.7,2130.4,2119.0,2124.2,33132063.8818
1112,2021-06-20 12:20:00,2124.2,2125.2,2099.2,2103.9,33547690.2367
1113,2021-06-20 12:25:00,2103.9,2106.9,2087.2,2102.0,29610484.7747
1114,2021-06-20 12:30:00,2102.0,2108.0,2087.6,2098.6,17852813.8433
1115,2021-06-20 12:35:00,2098.6,2104.4,2094.3,2099.2,6683471.87
1116,2021-06-20 12:40:00,2099.2,2109.6,2099.2,2106.1,12773150.1097
1117,2021-06-20 12:45:00,2106.1,2110.8,2101.6,2102.7,9845722.4953
1118,2021-06-20 12:50:00,2102.7,2104.2,2090.9,2098.4,10130570.6697
1119,2021-06-20 12:55:00,2098.4,2100.4,2091.2,2098.4,6796284.2947
1120,2021-06-20 13:00:00,2098.4,2098.4,2076.7,2096.9,19975677.0031
1121,2021-06-20 13:05:00,2096.9,2097.8,2086.9,2091.4,5060827.2211
1122,2021-06-20 13:10:00,2092.9,2100.1,2090.9,2094.7,6483233.0876
1123,2021-06-20 13:15:00,2094.7,2094.7,2081.0,2084.3,5325286.2004
1124,2021-06-20 13:20:00,2084.3,2086.8,2073.6,2077.7,8079693.8319
1125,2021-06-20 13:25:00,2077.7,2084.8,2074.4,2076.5,4091129.5572
1126,2021-06-20 13:30:00,2076.5,2076.5,2058.3,2063.3,20209670.1024
1127,2021-06-20 13:35:00,2063.3,2080.3,2061.9,2074.3,17623573.547
1128,2021-06-20 13:40:00,2074.3,2087.0,2074.0,2083.6,9127678.4889
1129,2021-06-20 13:45:00,2083.5,2094.0,2074.7,2076.3,11165000.6377
1130,2021-06-20 13:50:00,2076.3,2079.5,2073.1,2076.8,4409320.0611
1131,2021-06-20 13:55:00,2076.8,2080.0,2070.5,2072.9,5048352.7151
1132,2021-06-20 14:00:00,2072.9,2089.0,2067.7,2068.1,14111540.856
1133,2021-06-20 14:05:00,2068.9,2069.2,2048.0,2059.2,31646740.6928
1134,2021-06-20 14:10:00,2059.2,2067.1,2054.7,2057.0,15004651.1619
1135,2021-06-20 14:15:00,2057.0,2065.5,2049.5,2053.5,9772654.1872
1136,2021-06-20 14:20:00,2053.5,2055.1,2039.6,2046.4,20994803.6829
1137,2021-06-20 14:25:00,2046.1,2054.7,2045.0,2051.4,8042271.3544
1138,2021-06-20 14:30:00,2051.4,2066.4,2050.0,2064.6,14585919.289
1139,2021-06-20 14:35:00,2064.6,2068.7,2058.9,2065.8,6121065.8187
1140,2021-06-20 14:40:00,2065.8,2069.9,2059.0,2063.8,16144940.0874
1141,2021-06-20 14:45:00,2063.8,2076.0,2063.8,2072.2,12661822.7012
1142,2021-06-20 14:50:00,2072.2,2082.2,2071.7,2081.2,14979747.4043
1143,2021-06-20 14:55:00,2081.2,2082.0,2072.6,2078.5,7972157.7044
1144,2021-06-20 15:00:00,2078.5,2091.8,2073.4,2090.8,14149750.3208
1145,2021-06-20 15:05:00,2090.8,2100.1,2088.4,2092.8,18322551.3332
1146,2021-06-20 15:10:00,2092.8,2095.1,2088.3,2092.7,7622298.7817
1147,2021-06-20 15:15:00,2092.7,2094.2,2085.0,2088.7,6192250.5833
1148,2021-06-20 15:20:00,2088.7,2088.7,2077.5,2085.0,11065739.3377
1149,2021-06-20 15:25:00,2085.0,2085.0,2075.9,2080.0,4989920.0781
1150,2021-06-20 15:30:00,2080.0,2088.0,2079.9,2079.9,6271742.7141
1151,2021-06-20 15:35:00,2079.9,2086.6,2079.4,2086.5,4633238.4623
1152,2021-06-20 15:40:00,2086.5,2089.0,2083.1,2085.2,4153803.9744
1153,2021-06-20 15:45:00,2085.2,2090.3,2085.2,2089.9,2953709.4249
1154,2021-06-20 15:50:00,2089.9,2093.1,2088.5,2088.8,7057910.3191
1155,2021-06-20 15:55:00,2088.8,2089.8,2078.2,2079.5,10315981.4938
1156,2021-06-20 16:00:00,2079.5,2079.7,2066.1,2071.7,12620576.999
1157,2021-06-20 16:05:00,2071.7,2090.7,2071.6,2086.7,10782286.1282
1158,2021-06-20 16:10:00,2086.7,2092.9,2084.2,2084.9,9222924.4951
1159,2021-06-20 16:15:00,2084.9,2094.8,2083.1,2091.7,13175331.7779
1160,2021-06-20 16:20:00,2091.7,2093.5,2088.7,2089.7,4675062.9963
1161,2021-06-20 16:25:00,2089.7,2092.0,2086.8,2089.1,3661468.5601
1162,2021-06-20 16:30:00,2089.1,2094.9,2088.1,2092.7,3965999.3084
1163,2021-06-20 16:35:00,2092.7,2095.0,2089.0,2089.1,4052480.9155
1164,2021-06-20 16:40:00,2089.1,2094.2,2089.1,2094.2,2504146.4248
1165,2021-06-20 16:45:00,2094.2,2095.8,2090.3,2092.0,4519698.1389
1166,2021-06-20 16:50:00,2092.0,2098.9,2090.9,2098.1,3438224.3858
1167,2021-06-20 16:55:00,2098.1,2112.3,2096.4,2112.1,16150077.6598
1168,2021-06-20 17:00:00,2112.2,2118.4,2103.8,2107.6,12570826.8747
1169,2021-06-20 17:05:00,2107.6,2111.1,2104.6,2109.9,9059302.528
1170,2021-06-20 17:10:00,2109.9,2117.1,2106.5,2112.5,7001442.6535
1171,2021-06-20 17:15:00,2112.5,2118.5,2108.6,2116.5,5752545.8603
1172,2021-06-20 17:20:00,2116.5,2117.3,2111.7,2112.1,4853556.0168
1173,2021-06-20 17:25:00,2112.1,2122.4,2111.0,2122.4,6164178.0346
1174,2021-06-20 17:30:00,2122.3,2124.4,2115.5,2121.8,7301146.4014
1175,2021-06-20 17:35:00,2121.8,2124.8,2117.1,2117.5,3353843.4043
1176,2021-06-20 17:40:00,2117.5,2120.2,2113.5,2114.2,3803196.4466
1177,2021-06-20 17:45:00,2114.2,2117.9,2106.4,2108.1,5061670.3722
1178,2021-06-20 17:50:00,2108.1,2110.4,2106.4,2109.4,4763534.1716
1179,2021-06-20 17:55:00,2109.4,2114.3,2108.8,2109.6,2962496.9564
1180,2021-06-20 18:00:00,2109.6,2116.7,2100.8,2105.5,14740476.1368
1181,2021-06-20 18:05:00,2105.5,2114.0,2105.5,2112.9,5686775.8039
1182,2021-06-20 18:10:00,2112.9,2121.3,2112.9,2118.2,4622599.1523
1183,2021-06-20 18:15:00,2118.2,2128.1,2113.8,2125.9,9666617.4809
1184,2021-06-20 18:20:00,2125.9,2128.3,2120.7,2122.1,8095983.2452
1185,2021-06-20 18:25:00,2122.1,2129.4,2122.1,2127.6,5600210.0957
1186,2021-06-20 18:30:00,2127.6,2128.4,2122.5,2123.8,2677050.1624
1187,2021-06-20 18:35:00,2123.8,2129.3,2121.0,2121.0,2575924.0495
1188,2021-06-20 18:40:00,2121.0,2125.9,2120.8,2124.5,3371567.9161
1189,2021-06-20 18:45:00,2124.5,2126.1,2118.1,2118.9,2695423.6682
1190,2021-06-20 18:50:00,2118.9,2123.0,2118.6,2118.7,2866482.2847
1191,2021-06-20 18:55:00,2118.7,2124.4,2118.1,2121.5,2717662.5505
1192,2021-06-20 19:00:00,2121.5,2126.3,2115.8,2116.8,3668891.4069
1193,2021-06-20 19:05:00,2116.8,2124.0,2116.8,2123.5,3152828.3279
1194,2021-06-20 19:10:00,2123.5,2129.5,2123.5,2127.8,4985443.8449
1195,2021-06-20 19:15:00,2127.8,2138.0,2127.8,2133.6,11185003.6278
1196,2021-06-20 19:20:00,2133.6,2135.5,2130.2,2131.2,4410227.2337
1197,2021-06-20 19:25:00,2131.2,2135.3,2129.1,2133.2,5058513.8203
1198,2021-06-20 19:30:00,2133.2,2138.4,2130.4,2132.1,8390196.2026
1199,2021-06-20 19:35:00,2132.1,2136.6,2130.1,2132.1,5171883.5118
1200,2021-06-20 19:40:00,2132.1,2134.0,2130.8,2133.3,4203754.0674
1201,2021-06-20 19:45:00,2133.3,2138.0,2130.7,2132.5,5342499.336
1202,2021-06-20 19:50:00,2132.5,2133.2,2121.0,2124.9,10061727.2878
1203,2021-06-20 19:55:00,2124.9,2133.8,2124.8,2130.3,5450294.5635
1204,2021-06-20 20:00:00,2130.3,2143.1,2130.3,2136.1,9102495.0364
1205,2021-06-20 20:05:00,2136.1,2138.8,2130.4,2130.4,4628685.7409
1206,2021-06-20 20:10:00,2130.4,2134.2,2129.6,2130.8,4733062.0236
1207,2021-06-20 20:15:00,2130.8,2140.2,2130.8,2138.8,3229751.7876
1208,2021-06-20 20:20:00,2138.8,2144.7,2138.5,2142.3,6990158.1311
1209,2021-06-20 20:25:00,2142.3,2143.1,2139.3,2142.4,5001289.4119
1210,2021-06-20 20:30:00,2142.4,2143.1,2138.1,2140.6,8200202.7901
1211,2021-06-20 20:35:00,2140.6,2150.3,2139.3,2147.0,8340912.4621
1212,2021-06-20 20:40:00,2147.0,2149.4,2143.9,2147.2,6748394.9874
1213,2021-06-20 20:45:00,2147.2,2148.7,2143.8,2146.8,5255407.3019
1214,2021-06-20 20:50:00,2146.8,2153.9,2144.2,2153.8,6996472.2037
1215,2021-06-20 20:55:00,2153.8,2164.2,2151.8,2159.3,10532633.3851
1216,2021-06-20 21:00:00,2159.3,2174.3,2159.1,2165.4,18894561.0476
1217,2021-06-20 21:05:00,2165.4,2167.9,2159.7,2159.7,7152159.4136
1218,2021-06-20 21:10:00,2159.7,2167.0,2158.0,2165.8,8911165.7536
1219,2021-06-20 21:15:00,2165.8,2170.5,2163.2,2169.9,3556052.053
1220,2021-06-20 21:20:00,2169.9,2170.4,2164.6,2168.1,8658899.0502
1221,2021-06-20 21:25:00,2168.1,2173.5,2165.3,2168.8,5267167.4659
1222,2021-06-20 21:30:00,2168.8,2184.7,2163.2,2180.3,16305330.1204
1223,2021-06-20 21:35:00,2180.3,2242.9,2176.8,2224.0,46880081.5583
1224,2021-06-20 21:40:00,2224.0,2233.7,2218.0,2229.5,19350870.7075
1225,2021-06-20 21:45:00,2229.5,2234.3,2211.0,2222.9,18938953.2239
1226,2021-06-20 21:50:00,2222.9,2223.8,2213.8,2216.8,7263802.6694
1227,2021-06-20 21:55:00,2216.8,2222.2,2214.0,2222.2,6767451.2159
1228,2021-06-20 22:00:00,2222.2,2230.2,2214.2,2216.9,11547245.5357
1229,2021-06-20 22:05:00,2216.9,2234.0,2216.3,2232.6,10223692.3256
1230,2021-06-20 22:10:00,2232.6,2249.7,2232.6,2245.8,29883572.1188
1231,2021-06-20 22:15:00,2245.8,2261.3,2232.4,2236.9,35079180.0436
1232,2021-06-20 22:20:00,2236.9,2246.2,2235.9,2241.0,7639714.1643
1233,2021-06-20 22:25:00,2241.0,2247.9,2232.5,2242.6,11568816.0085
1234,2021-06-20 22:30:00,2242.6,2255.3,2237.5,2243.9,18897235.6066
1235,2021-06-20 22:35:00,2243.9,2247.5,2239.2,2247.3,3673959.8859
1236,2021-06-20 22:40:00,2247.3,2268.1,2245.6,2250.8,41776198.8218
1237,2021-06-20 22:45:00,2250.8,2254.7,2244.1,2247.5,6320085.772
1238,2021-06-20 22:50:00,2247.5,2255.5,2247.5,2249.5,6672182.9346
1239,2021-06-20 22:55:00,2249.5,2271.3,2247.2,2256.0,38150246.613
1240,2021-06-20 23:00:00,2256.0,2266.5,2255.3,2255.9,10246072.8107
1241,2021-06-20 23:05:00,2255.9,2255.9,2243.3,2246.5,15821978.0797
1242,2021-06-20 23:10:00,2246.5,2251.7,2239.0,2248.2,17292876.4298
1243,2021-06-20 23:15:00,2248.2,2252.6,2247.8,2247.8,4942526.1836
1244,2021-06-20 23:20:00,2247.8,2252.9,2245.7,2252.8,4621099.9809
1245,2021-06-20 23:25:00,2252.8,2262.0,2252.2,2260.7,7788035.9341
1246,2021-06-20 23:30:00,2260.7,2276.8,2260.4,2267.8,30242519.7126
1247,2021-06-20 23:35:00,2267.8,2269.1,2253.5,2262.3,8793638.354
1248,2021-06-20 23:40:00,2262.3,2264.3,2256.0,2262.4,4843798.6025
1249,2021-06-20 23:45:00,2262.4,2265.9,2255.8,2256.3,8875375.8833
1250,2021-06-20 23:50:00,2256.3,2260.2,2255.0,2257.8,6840246.5004
1251,2021-06-20 23:55:00,2257.8,2258.3,2250.2,2250.2,9173221.9644
1252,2021-06-21 00:00:00,2250.2,2259.8,2250.2,2256.3,5903938.4717
1253,2021-06-21 00:05:00,2256.3,2260.6,2252.0,2254.0,6260928.583
1254,2021-06-21 00:10:00,2254.0,2258.7,2245.5,2247.2,7816253.8297
1255,2021-06-21 00:15:00,2247.2,2254.7,2247.2,2253.2,5312643.2054
1256,2021-06-21 00:20:00,2253.2,2255.2,2245.3,2245.5,3952881.2902
1257,2021-06-21 00:25:00,2245.5,2249.7,2244.3,2244.9,3693836.3489
1258,2021-06-21 00:30:00,2244.9,2255.0,2244.8,2251.2,6017193.034
1259,2021-06-21 00:35:00,2251.2,2258.7,2249.6,2255.3,3194421.009
1260,2021-06-21 00:40:00,2255.3,2259.8,2254.4,2258.8,2475492.0142
1261,2021-06-21 00:45:00,2258.8,2262.5,2252.2,2252.2,4894290.3576
1262,2021-06-21 00:50:00,2252.2,2257.7,2249.9,2255.3,2507169.8117
1263,2021-06-21 00:55:00,2255.3,2256.7,2251.8,2252.9,3179530.2288
1264,2021-06-21 01:00:00,2252.9,2256.2,2241.6,2242.4,5960411.4123
1265,2021-06-21 01:05:00,2242.4,2248.0,2241.4,2244.5,2749212.4243
1266,2021-06-21 01:10:00,2244.5,2254.0,2244.5,2250.9,3703148.0498
1267,2021-06-21 01:15:00,2250.9,2253.7,2250.5,2251.6,1374282.9499
1268,2021-06-21 01:20:00,2251.6,2253.8,2244.1,2246.0,2679152.4728
1269,2021-06-21 01:25:00,2246.0,2250.7,2245.6,2245.6,1902962.762
1270,2021-06-21 01:30:00,2245.6,2250.5,2244.5,2247.3,1624249.5619
1271,2021-06-21 01:35:00,2247.3,2247.3,2230.0,2233.6,8738029.4987
1272,2021-06-21 01:40:00,2233.6,2236.5,2232.1,2236.5,2746141.0771
1273,2021-06-21 01:45:00,2236.5,2241.3,2235.3,2241.3,2982919.8673
1274,2021-06-21 01:50:00,2241.3,2246.0,2239.0,2239.0,3334722.789
1275,2021-06-21 01:55:00,2239.0,2246.1,2239.0,2243.5,6531304.6958
1276,2021-06-21 02:00:00,2243.5,2259.9,2243.5,2245.0,50125240.0967
1277,2021-06-21 02:05:00,2245.0,2247.5,2230.3,2233.4,13052970.8772
1278,2021-06-21 02:10:00,2233.4,2236.9,2227.5,2229.5,5471221.1697
1279,2021-06-21 02:15:00,2229.5,2233.2,2221.4,2221.7,9598791.3898
1280,2021-06-21 02:20:00,2221.7,2230.0,2221.7,2229.9,6879709.3116
1281,2021-06-21 02:25:00,2229.9,2230.6,2223.7,2224.7,2471233.0829
1282,2021-06-21 02:30:00,2224.7,2226.0,2220.5,2222.0,5085722.5464
1283,2021-06-21 02:35:00,2222.0,2227.7,2222.0,2226.9,2297293.1769
1284,2021-06-21 02:40:00,2226.9,2228.1,2222.3,2222.3,2745354.8567
1285,2021-06-21 02:45:00,2222.3,2226.0,2217.5,2223.1,6761393.3873
1286,2021-06-21 02:50:00,2223.1,2229.4,2221.7,2229.0,2520944.1506
1287,2021-06-21 02:55:00,2229.0,2238.1,2227.9,2236.9,7826446.5863
1288,2021-06-21 03:00:00,2236.9,2242.5,2234.7,2235.1,7287478.9429
1289,2021-06-21 03:05:00,2235.1,2235.5,2227.0,2228.5,2181929.5389
1290,2021-06-21 03:10:00,2228.5,2230.0,2221.9,2223.6,6024387.8148
1291,2021-06-21 03:15:00,2223.6,2223.6,2220.0,2220.0,3485985.9839
1292,2021-06-21 03:20:00,2220.0,2222.9,2212.0,2214.3,4548332.7091
1293,2021-06-21 03:25:00,2214.3,2220.0,2214.2,2214.2,3494529.768
1294,2021-06-21 03:30:00,2214.2,2220.5,2214.2,2218.9,2534396.8757
1295,2021-06-21 03:35:00,2218.9,2219.0,2204.5,2205.2,7957896.4969
1296,2021-06-21 03:40:00,2205.2,2208.2,2200.6,2205.2,11370648.8152
1297,2021-06-21 03:45:00,2205.2,2210.0,2204.6,2207.2,1972239.2155
1298,2021-06-21 03:50:00,2207.2,2215.1,2207.2,2211.8,3081099.1963
1299,2021-06-21 03:55:00,2211.8,2212.6,2203.0,2205.8,2617646.108
1300,2021-06-21 04:00:00,2205.8,2215.0,2205.8,2212.7,3806313.5343
1301,2021-06-21 04:05:00,2212.7,2217.9,2212.3,2215.9,3848134.1281
1302,2021-06-21 04:10:00,2215.9,2216.8,2207.6,2208.8,2295329.8326
1303,2021-06-21 04:15:00,2208.8,2209.3,2195.7,2204.7,7039893.2025
1304,2021-06-21 04:20:00,2204.7,2212.0,2204.2,2208.0,3470491.8041
1305,2021-06-21 04:25:00,2207.6,2207.9,2192.6,2196.0,4630274.3881
1306,2021-06-21 04:30:00,2196.0,2198.0,2187.3,2190.8,10622030.6776
1307,2021-06-21 04:35:00,2190.8,2195.2,2184.9,2185.6,4907684.434
1308,2021-06-21 04:40:00,2185.6,2187.5,2180.6,2182.3,10092043.3984
1309,2021-06-21 04:45:00,2182.3,2184.0,2175.5,2177.7,9085695.2301
1310,2021-06-21 04:50:00,2177.7,2184.8,2177.1,2184.7,5528070.8262
1311,2021-06-21 04:55:00,2184.7,2189.5,2183.8,2189.5,5259992.8755
1312,2021-06-21 05:00:00,2189.5,2189.5,2182.6,2183.4,4285782.8624
1313,2021-06-21 05:05:00,2183.4,2184.7,2174.3,2180.5,4067328.913
1314,2021-06-21 05:10:00,2180.5,2184.6,2176.1,2182.8,2618743.5115
1315,2021-06-21 05:15:00,2182.8,2184.8,2177.5,2182.9,1850638.0368
1316,2021-06-21 05:20:00,2182.9,2184.8,2178.8,2179.1,1679517.5774
1317,2021-06-21 05:25:00,2179.1,2181.4,2172.1,2175.9,3887562.9542
1318,2021-06-21 05:30:00,2176.1,2182.7,2167.7,2170.6,8028904.2061
1319,2021-06-21 05:35:00,2170.6,2172.7,2165.7,2167.1,6088902.1274
1320,2021-06-21 05:40:00,2167.1,2170.0,2165.2,2169.6,7457644.1934
1321,2021-06-21 05:45:00,2169.6,2173.4,2157.4,2161.6,10192374.328
1322,2021-06-21 05:50:00,2161.6,2166.9,2158.0,2162.7,6756207.8741
1323,2021-06-21 05:55:00,2162.7,2165.9,2155.6,2157.0,3694980.9188
1324,2021-06-21 06:00:00,2157.0,2162.4,2140.7,2142.8,17064915.6866
1325,2021-06-21 06:05:00,2142.8,2144.4,2124.7,2125.3,19473725.7114
1326,2021-06-21 06:10:00,2125.0,2131.8,2113.7,2116.6,26171663.7982
1327,2021-06-21 06:15:00,2116.6,2128.0,2098.4,2106.8,26826122.7927
1328,2021-06-21 06:20:00,2106.8,2112.6,2091.5,2107.7,19026146.1333
1329,2021-06-21 06:25:00,2107.7,2107.7,2087.9,2097.0,11257704.8802
1330,2021-06-21 06:30:00,2097.0,2105.0,2085.2,2091.0,26702030.4617
1331,2021-06-21 06:35:00,2091.0,2096.8,2067.7,2078.7,28636497.3035
1332,2021-06-21 06:40:00,2078.7,2090.7,2059.1,2090.1,20564493.6556
1333,2021-06-21 06:45:00,2090.3,2100.2,2080.8,2095.5,22847858.1056
1334,2021-06-21 06:50:00,2095.5,2107.1,2087.1,2104.8,20486228.5046
1335,2021-06-21 06:55:00,2104.9,2123.0,2103.1,2122.3,27399035.2472
1336,2021-06-21 07:00:00,2122.3,2131.5,2115.8,2122.1,13234616.0946
1337,2021-06-21 07:05:00,2122.1,2123.3,2114.7,2116.9,5853236.5779
1338,2021-06-21 07:10:00,2116.9,2118.9,2087.1,2098.3,24125249.0246
1339,2021-06-21 07:15:00,2098.3,2106.8,2087.1,2099.1,15473240.6628
1340,2021-06-21 07:20:00,2099.1,2106.6,2091.2,2095.3,6921102.183
1341,2021-06-21 07:25:00,2095.3,2106.6,2094.0,2103.7,5503794.8964
1342,2021-06-21 07:30:00,2103.7,2110.0,2101.2,2104.2,7789233.8893
1343,2021-06-21 07:35:00,2104.1,2118.3,2104.1,2117.0,9234147.5528
1344,2021-06-21 07:40:00,2116.9,2124.1,2113.4,2120.3,8428467.5948
1345,2021-06-21 07:45:00,2120.3,2127.5,2111.1,2125.0,9343130.6681
1346,2021-06-21 07:50:00,2125.0,2129.6,2120.1,2129.6,10926767.4613
1347,2021-06-21 07:55:00,2129.6,2130.4,2124.5,2129.4,3239464.5087
1348,2021-06-21 08:00:00,2129.4,2130.5,2121.4,2130.5,4931387.0171
1349,2021-06-21 08:05:00,2130.5,2145.3,2130.5,2143.8,10549354.2984
1350,2021-06-21 08:10:00,2143.8,2144.3,2136.5,2139.9,3952023.3453
1351,2021-06-21 08:15:00,2139.9,2140.6,2123.4,2125.1,19456221.7209
1352,2021-06-21 08:20:00,2125.1,2130.4,2113.6,2115.5,9669570.7522
1353,2021-06-21 08:25:00,2115.5,2118.9,2034.2,2066.2,46509995.4712
1354,2021-06-21 08:30:00,2065.8,2066.2,2005.0,2034.0,81144651.6849
1355,2021-06-21 08:35:00,2033.6,2034.0,1996.9,2024.3,99131161.7096
1356,2021-06-21 08:40:00,2024.3,2035.6,1979.8,1983.6,45875997.1109
1357,2021-06-21 08:45:00,1983.2,2020.0,1972.5,2004.8,52504589.8126
1358,2021-06-21 08:50:00,2004.8,2031.7,2004.6,2021.1,19742475.9027
1359,2021-06-21 08:55:00,2021.1,2025.6,2010.2,2012.7,17463678.1985
1360,2021-06-21 09:00:00,2013.1,2044.2,2003.6,2043.1,38329489.4292
1361,2021-06-21 09:05:00,2043.1,2048.3,2024.1,2026.0,25224531.4093
1362,2021-06-21 09:10:00,2025.7,2025.8,2008.0,2019.8,20809536.6877
1363,2021-06-21 09:15:00,2019.8,2033.0,2015.5,2018.8,16603788.0018
1364,2021-06-21 09:20:00,2018.8,2019.0,2007.1,2009.1,29983507.1828
1365,2021-06-21 09:25:00,2009.1,2017.2,1990.0,2013.3,30307654.6937
1366,2021-06-21 09:30:00,2013.3,2014.9,1999.7,2004.7,14478935.1828
1367,2021-06-21 09:35:00,2004.7,2017.0,2003.9,2004.2,13828892.535
1368,2021-06-21 09:40:00,2004.2,2012.1,1989.5,1990.9,23178487.6461
1369,2021-06-21 09:45:00,1990.9,2011.8,1990.9,2000.2,21730707.0165
1370,2021-06-21 09:50:00,2000.2,2019.4,1999.0,2018.6,24890594.6303
1371,2021-06-21 09:55:00,2018.6,2019.5,2007.0,2011.9,17729369.8435
1372,2021-06-21 10:00:00,2011.9,2012.6,1999.7,2007.6,13834492.2798
1373,2021-06-21 10:05:00,2007.6,2020.0,2002.3,2018.1,14999510.7489
1374,2021-06-21 10:10:00,2018.1,2033.6,2015.0,2030.1,12515085.4991
1375,2021-06-21 10:15:00,2030.1,2037.5,2020.3,2023.8,22282174.2044
1376,2021-06-21 10:20:00,2023.8,2030.0,2023.0,2028.8,10313533.8363
1377,2021-06-21 10:25:00,2028.8,2028.8,2018.5,2022.9,11422924.9718
1378,2021-06-21 10:30:00,2022.9,2022.9,2009.8,2011.9,14755629.2217
1379,2021-06-21 10:35:00,2011.9,2017.4,2005.2,2014.0,11785839.7266
1380,2021-06-21 10:40:00,2014.0,2021.1,2006.4,2010.2,14990044.6486
1381,2021-06-21 10:45:00,2010.2,2027.0,2008.8,2017.9,9683208.778
1382,2021-06-21 10:50:00,2017.9,2024.6,2010.4,2014.8,15019860.3061
1383,2021-06-21 10:55:00,2014.8,2024.7,2008.6,2013.5,10498086.0431
1384,2021-06-21 11:00:00,2013.5,2020.6,2010.6,2018.4,13253380.8103
1385,2021-06-21 11:05:00,2018.4,2018.7,2000.4,2004.0,11998003.1273
1386,2021-06-21 11:10:00,2004.0,2060.1,1989.7,2041.4,50156932.9913
1387,2021-06-21 11:15:00,2041.2,2043.0,1981.5,1990.3,58124333.6533
1388,2021-06-21 11:20:00,1990.2,1990.2,1943.0,1956.3,104236456.4978
1389,2021-06-21 11:25:00,1956.3,1998.9,1950.0,1995.1,54233478.4616
1390,2021-06-21 11:30:00,1995.0,2022.5,1980.3,2014.7,52331540.6188
1391,2021-06-21 11:35:00,2014.7,2021.4,1989.7,1997.6,22560814.9965
1392,2021-06-21 11:40:00,1997.6,2017.0,1994.9,2012.8,18562013.4796
1393,2021-06-21 11:45:00,2012.8,2017.6,2005.5,2014.1,12652930.3882
1394,2021-06-21 11:50:00,2014.1,2028.9,2010.4,2014.9,29592585.2761
1395,2021-06-21 11:55:00,2014.8,2016.6,2005.2,2006.1,6551518.9738
1396,2021-06-21 12:00:00,2006.0,2013.5,1999.2,2007.1,9518562.4629
1397,2021-06-21 12:05:00,2007.1,2011.7,1980.0,1986.0,18663077.1671
1398,2021-06-21 12:10:00,1986.1,2009.5,1980.0,1987.2,25805738.3191
1399,2021-06-21 12:15:00,1987.2,1994.9,1974.5,1976.3,12803832.0199
1400,2021-06-21 12:20:00,1976.3,1988.0,1970.4,1971.9,10379005.6269
1401,2021-06-21 12:25:00,1971.9,1979.8,1963.1,1965.2,39619108.3964
1402,2021-06-21 12:30:00,1965.2,1980.1,1951.9,1954.9,80819372.7235
1403,2021-06-21 12:35:00,1954.9,1979.9,1952.3,1978.4,20607349.9215
1404,2021-06-21 12:40:00,1978.4,1978.4,1960.8,1969.2,11274569.6305
1405,2021-06-21 12:45:00,1969.2,1979.7,1962.7,1963.2,15937546.3537
1406,2021-06-21 12:50:00,1963.2,1967.8,1952.9,1963.3,6986541.4288
1407,2021-06-21 12:55:00,1963.3,1963.4,1933.5,1939.8,25359505.7628
1408,2021-06-21 13:00:00,1939.8,1953.2,1926.6,1930.0,20602724.3226
1409,2021-06-21 13:05:00,1930.0,1944.8,1913.0,1919.5,28853804.5132
1410,2021-06-21 13:10:00,1919.1,1929.0,1915.0,1922.3,15676343.4529
1411,2021-06-21 13:15:00,1922.1,1939.3,1922.0,1927.1,8443248.3333
1412,2021-06-21 13:20:00,1927.1,1931.6,1905.2,1906.7,22982390.9531
1413,2021-06-21 13:25:00,1906.7,1913.6,1890.1,1891.8,41311455.6238
1414,2021-06-21 13:30:00,1891.8,1933.2,1891.7,1931.9,26606288.3272
1415,2021-06-21 13:35:00,1931.9,1969.8,1928.1,1951.3,24645280.4223
1416,2021-06-21 13:40:00,1951.3,1951.7,1928.2,1947.0,11444623.6537
1417,2021-06-21 13:45:00,1947.0,1979.9,1938.5,1979.0,20857245.6516
1418,2021-06-21 13:50:00,1979.0,1979.2,1964.3,1966.8,8995730.5183
1419,2021-06-21 13:55:00,1966.8,1974.9,1956.8,1969.8,23527626.3751
1420,2021-06-21 14:00:00,1969.8,1985.9,1954.3,1956.7,27128191.2408
1421,2021-06-21 14:05:00,1956.7,1976.9,1947.3,1968.6,22022572.9365
1422,2021-06-21 14:10:00,1968.6,1968.6,1951.7,1955.1,11010878.361
1423,2021-06-21 14:15:00,1954.7,1955.0,1935.5,1951.9,10783259.0047
1424,2021-06-21 14:20:00,1951.9,1965.7,1946.4,1964.8,7536451.4785
1425,2021-06-21 14:25:00,1964.8,1984.2,1958.9,1982.3,9003314.042
1426,2021-06-21 14:30:00,1982.3,1982.3,1968.4,1976.8,5887393.4272
1427,2021-06-21 14:35:00,1976.8,1976.9,1965.8,1966.1,5267094.8667
1428,2021-06-21 14:40:00,1966.1,1976.1,1956.4,1965.5,5100547.3257
1429,2021-06-21 14:45:00,1965.5,1966.5,1948.2,1953.3,6845054.9773
1430,2021-06-21 14:50:00,1953.3,1954.0,1942.3,1948.5,7915232.5319
1431,2021-06-21 14:55:00,1948.5,1951.0,1943.3,1949.4,7300135.9629
1432,2021-06-21 15:00:00,1949.4,1959.6,1915.2,1921.3,19423822.4107
1433,2021-06-21 15:05:00,1921.3,1936.2,1912.4,1935.3,17020420.776
1434,2021-06-21 15:10:00,1935.4,1936.5,1925.3,1933.4,5342192.6718
1435,2021-06-21 15:15:00,1933.4,1963.0,1926.4,1960.2,12228784.6626
1436,2021-06-21 15:20:00,1960.2,1970.3,1949.0,1952.7,8284614.9063
1437,2021-06-21 15:25:00,1952.7,1964.5,1948.3,1961.8,5493730.7967
1438,2021-06-21 15:30:00,1961.8,1975.3,1957.5,1970.7,9340828.9367
1439,2021-06-21 15:35:00,1970.7,1970.7,1954.0,1962.6,6234433.6546
1440,2021-06-21 15:40:00,1962.5,1982.0,1961.0,1981.3,19027060.8349
1441,2021-06-21 15:45:00,1981.3,1988.5,1977.5,1987.9,13667667.8631
1442,2021-06-21 15:50:00,1987.6,1987.9,1978.8,1986.1,6892563.9123
1443,2021-06-21 15:55:00,1986.1,2014.7,1985.8,2011.0,20662914.6373
1444,2021-06-21 16:00:00,2011.0,2014.8,1996.0,2004.4,14267196.8645
1445,2021-06-21 16:05:00,2004.4,2010.0,1998.0,2006.4,7394846.8268
1446,2021-06-21 16:10:00,2006.4,2007.3,1997.3,2006.3,3831149.1064
1447,2021-06-21 16:15:00,2006.3,2006.3,1982.0,1985.7,8668787.5485
1448,2021-06-21 16:20:00,1985.7,1989.8,1968.9,1975.4,14599155.534
1449,2021-06-21 16:25:00,1975.4,1987.9,1973.4,1983.8,17212544.696
1450,2021-06-21 16:30:00,1983.8,1994.0,1975.3,1993.3,19820538.6278
1451,2021-06-21 16:35:00,1993.3,2001.1,1987.8,1989.9,9161061.2468
1452,2021-06-21 16:40:00,1990.0,2012.2,1990.0,2010.0,7903983.4385
1453,2021-06-21 16:45:00,2010.0,2010.3,2001.7,2008.7,13214154.4407
1454,2021-06-21 16:50:00,2008.7,2024.0,2004.5,2019.7,13196861.4506
1455,2021-06-21 16:55:00,2019.8,2023.6,2001.1,2003.1,8496804.3439
1456,2021-06-21 17:00:00,2003.1,2006.5,1984.7,1990.2,7505132.7328
1457,2021-06-21 17:05:00,1990.2,2009.8,1990.2,2003.1,6843591.7825
1458,2021-06-21 17:10:00,2003.1,2007.5,1988.8,1994.3,5411459.8919
1459,2021-06-21 17:15:00,1994.3,2003.3,1990.0,1992.4,4685015.7593
1460,2021-06-21 17:20:00,1992.4,2003.8,1992.4,1996.7,9965020.4413
1461,2021-06-21 17:25:00,1996.7,1999.1,1981.3,1982.3,8877969.5544
1462,2021-06-21 17:30:00,1982.5,1990.4,1973.8,1974.7,7269331.623
1463,2021-06-21 17:35:00,1974.7,1981.8,1967.1,1970.0,6359566.3496
1464,2021-06-21 17:40:00,1970.0,1976.8,1969.7,1970.6,3193578.7238
1465,2021-06-21 17:45:00,1970.6,1983.9,1958.0,1978.3,14037144.2335
1466,2021-06-21 17:50:00,1978.3,1981.2,1972.8,1974.7,2711688.0199
1467,2021-06-21 17:55:00,1974.7,1988.7,1974.7,1982.8,3952883.139
1468,2021-06-21 18:00:00,1982.8,2000.0,1970.8,1995.3,12923880.0739
1469,2021-06-21 18:05:00,1995.3,1996.4,1977.8,1993.7,9672308.9216
1470,2021-06-21 18:10:00,1993.7,1995.0,1988.5,1990.7,2690821.3186
1471,2021-06-21 18:15:00,1990.7,1990.7,1956.6,1963.6,13404512.1482
1472,2021-06-21 18:20:00,1963.6,1968.8,1955.6,1956.1,8076852.121
1473,2021-06-21 18:25:00,1956.1,1965.3,1952.8,1956.7,4263328.2485
1474,2021-06-21 18:30:00,1956.7,1964.4,1927.0,1929.4,25359368.5357
1475,2021-06-21 18:35:00,1929.6,1933.6,1919.5,1927.8,25679063.8098
1476,2021-06-21 18:40:00,1927.8,1931.7,1913.9,1917.6,11408464.6973
1477,2021-06-21 18:45:00,1917.6,1928.0,1908.0,1923.8,17842895.3379
1478,2021-06-21 18:50:00,1923.8,1936.0,1919.7,1923.1,9522497.4756
1479,2021-06-21 18:55:00,1923.1,1929.0,1914.1,1924.2,7795401.6585
1480,2021-06-21 19:00:00,1924.2,1936.1,1919.4,1934.0,8745554.0743
1481,2021-06-21 19:05:00,1934.0,1955.0,1927.8,1930.3,18047174.8692
1482,2021-06-21 19:10:00,1930.1,1935.0,1921.2,1931.2,8013232.0312
1483,2021-06-21 19:15:00,1931.2,1944.5,1930.1,1938.7,10341499.1259
1484,2021-06-21 19:20:00,1938.7,1943.4,1926.4,1937.5,11733329.6504
1485,2021-06-21 19:25:00,1937.5,1938.6,1926.3,1927.0,9971458.7565
1486,2021-06-21 19:30:00,1927.0,1944.1,1924.0,1939.1,8987658.9748
1487,2021-06-21 19:35:00,1939.1,1946.5,1938.4,1940.2,2654933.5443
1488,2021-06-21 19:40:00,1940.2,1944.1,1936.8,1942.0,2490506.4004
1489,2021-06-21 19:45:00,1942.0,1944.3,1915.4,1917.8,54077024.311
1490,2021-06-21 19:50:00,1918.1,1921.8,1914.9,1917.9,14718430.2727
1491,2021-06-21 19:55:00,1917.9,1924.8,1916.0,1919.5,13263301.4391
1492,2021-06-21 20:00:00,1919.5,1933.5,1916.9,1918.9,36435342.089
1493,2021-06-21 20:05:00,1918.9,1927.5,1918.8,1921.3,24381538.3123
1494,2021-06-21 20:10:00,1921.3,1933.5,1915.0,1920.5,19645559.5559
1495,2021-06-21 20:15:00,1920.5,1936.8,1920.5,1935.4,6160679.4004
1496,2021-06-21 20:20:00,1935.7,1937.0,1922.4,1922.6,6604237.7306
1497,2021-06-21 20:25:00,1922.6,1931.5,1917.0,1926.7,12382329.6973
1498,2021-06-21 20:30:00,1926.7,1932.8,1921.7,1923.4,3265403.3484
1499,2021-06-21 20:35:00,1923.4,1934.8,1923.4,1934.7,2629651.5346
1500,2021-06-21 20:40:00,1934.7,1937.7,1933.8,1936.9,1349199.9824
