,0,1,2,3,4,5
0,1623850800000,39322.0,39323.0,39244.0,39272.0,6497037.6255
1,1623851100000,39272.0,39273.0,39115.0,39162.0,10279306.7911
2,1623851400000,39162.0,39224.0,39123.0,39173.0,6833624.3096
3,1623851700000,39173.0,39254.0,39159.0,39254.0,4053210.4333
4,1623852000000,39254.0,39324.0,39140.0,39294.0,15820322.0258
5,1623852300000,39294.0,39298.0,39240.0,39298.0,4434105.5208
6,1623852600000,39298.0,39340.0,39268.0,39328.0,7491641.7942
7,1623852900000,39328.0,39385.0,39242.0,39247.0,8485783.2873
8,1623853200000,39245.0,39264.0,39151.0,39184.0,9099743.2364
9,1623853500000,39184.0,39205.0,39127.0,39170.0,12570114.2956
10,1623853800000,39170.0,39270.0,39170.0,39259.0,3687232.3899
11,1623854100000,39254.0,39278.0,39199.0,39276.0,2460818.9641
12,1623854400000,39276.0,39288.0,39203.0,39209.0,7276835.3363
13,1623854700000,39209.0,39225.0,39050.0,39088.0,11135303.0568
14,1623855000000,39088.0,39162.0,38711.0,38820.0,39551987.543
15,1623855300000,38820.0,38919.0,38760.0,38864.0,26345197.1254
16,1623855600000,38864.0,39000.0,38801.0,38981.0,15349576.4884
17,1623855900000,38981.0,38988.0,38870.0,38892.0,7807321.9648
18,1623856200000,38892.0,38892.0,38571.0,38685.0,52758974.1383
19,1623856500000,38685.0,38754.0,38615.0,38699.0,24918788.6496
20,1623856800000,38699.0,38763.0,38698.0,38731.0,9228670.4109
21,1623857100000,38731.0,38776.0,38700.0,38723.0,8441229.1399
22,1623857400000,38723.0,38775.0,38723.0,38755.0,22375393.9509
23,1623857700000,38755.0,38824.0,38693.0,38698.0,17374590.6915
24,1623858000000,38698.0,38754.0,38671.0,38748.0,4387663.0785
25,1623858300000,38748.0,38810.0,38693.0,38693.0,4006769.9883
26,1623858600000,38693.0,38787.0,38670.0,38778.0,6868079.7717
27,1623858900000,38778.0,38800.0,38734.0,38782.0,4446407.908
28,1623859200000,38782.0,39109.0,38682.0,39080.0,70787806.1296
29,1623859500000,39080.0,39265.0,39028.0,39264.0,57657144.7063
30,1623859800000,39265.0,39315.0,39152.0,39287.0,23945649.1707
31,1623860100000,39287.0,39312.0,39185.0,39185.0,12525861.0594
32,1623860400000,39185.0,39187.0,39034.0,39081.0,17903010.5707
33,1623860700000,39081.0,39081.0,38919.0,38988.0,18042690.6795
34,1623861000000,38988.0,39139.0,38974.0,38999.0,11776131.3962
35,1623861300000,38999.0,39049.0,38893.0,38923.0,9425076.1063
36,1623861600000,38923.0,38925.0,38800.0,38893.0,13661986.6511
37,1623861900000,38893.0,38912.0,38678.0,38692.0,20398675.2069
38,1623862200000,38692.0,38717.0,38428.0,38619.0,56888208.9384
39,1623862500000,38619.0,38724.0,38577.0,38678.0,10604402.0566
40,1623862800000,38678.0,38678.0,38535.0,38590.0,14664065.7486
41,1623863100000,38590.0,38761.0,38577.0,38681.0,13217787.2509
42,1623863400000,38680.0,38877.0,38672.0,38867.0,10105949.6131
43,1623863700000,38867.0,38867.0,38643.0,38643.0,12790079.1359
44,1623864000000,38643.0,38764.0,38643.0,38720.0,6154958.7585
45,1623864300000,38720.0,38772.0,38662.0,38746.0,3256568.5724
46,1623864600000,38746.0,38862.0,38735.0,38816.0,8552087.752
47,1623864900000,38816.0,39122.0,38808.0,39000.0,31883616.5422
48,1623865200000,39000.0,39000.0,38879.0,38920.0,9037903.6271
49,1623865500000,38920.0,38977.0,38870.0,38952.0,5266140.5132
50,1623865800000,38952.0,39119.0,38930.0,38944.0,9068028.4051
51,1623866100000,38944.0,39232.0,38933.0,39175.0,14596858.8012
52,1623866400000,39175.0,39682.0,38507.0,39330.0,194226326.3011
53,1623866700000,39333.0,39569.0,39021.0,39119.0,46576753.2372
54,1623867000000,39119.0,39119.0,38369.0,38794.0,113839720.7736
55,1623867300000,38794.0,38794.0,38540.0,38642.0,35956473.8109
56,1623867600000,38642.0,38642.0,38288.0,38529.0,43617112.4886
57,1623867900000,38529.0,38567.0,38457.0,38512.0,11547570.7282
58,1623868200000,38511.0,38664.0,38400.0,38598.0,24657924.025
59,1623868500000,38598.0,38611.0,38312.0,38536.0,16021542.4114
60,1623868800000,38536.0,38558.0,38364.0,38395.0,11360306.8634
61,1623869100000,38395.0,38645.0,38380.0,38581.0,18546630.0846
62,1623869400000,38581.0,38766.0,38528.0,38766.0,13762242.7563
63,1623869700000,38766.0,38768.0,38655.0,38711.0,12944424.7639
64,1623870000000,38711.0,38850.0,38643.0,38711.0,18606175.9019
65,1623870300000,38711.0,38828.0,38684.0,38815.0,7520174.8109
66,1623870600000,38816.0,38910.0,38775.0,38860.0,10983854.0636
67,1623870900000,38860.0,38932.0,38811.0,38882.0,6118992.0385
68,1623871200000,38882.0,38891.0,38878.0,38885.0,394655.4672
69,1623871500000,38885.0,38885.0,38885.0,38885.0,0.0
70,1623871800000,38885.0,38885.0,38885.0,38885.0,0.0
71,1623872100000,38885.0,38885.0,38885.0,38885.0,0.0
72,1623872400000,38885.0,38885.0,38885.0,38885.0,0.0
73,1623872700000,38885.0,38885.0,38885.0,38885.0,0.0
74,1623873000000,38885.0,38885.0,38885.0,38885.0,0.0
75,1623873300000,38885.0,38885.0,38885.0,38885.0,0.0
76,1623873600000,38885.0,38885.0,38885.0,38885.0,0.0
77,1623873900000,38885.0,38885.0,38885.0,38885.0,0.0
78,1623874200000,38885.0,38885.0,38380.0,38699.0,46706260.6027
79,1623874500000,38699.0,38849.0,38590.0,38592.0,13565388.0724
80,1623874800000,38592.0,38611.0,38517.0,38542.0,10976305.2778
81,1623875100000,38542.0,38656.0,38520.0,38608.0,8350899.1861
82,1623875400000,38608.0,38688.0,38538.0,38623.0,5516404.7557
83,1623875700000,38623.0,38657.0,38522.0,38547.0,6061223.9957
84,1623876000000,38547.0,38672.0,38547.0,38626.0,5142827.776
85,1623876300000,38626.0,38753.0,38606.0,38674.0,6741922.8318
86,1623876600000,38674.0,38749.0,38598.0,38607.0,11253158.448
87,1623876900000,38607.0,38641.0,38483.0,38523.0,13098889.035
88,1623877200000,38523.0,38579.0,38476.0,38525.0,7608223.8032
89,1623877500000,38525.0,38539.0,38409.0,38529.0,8905896.2054
90,1623877800000,38529.0,38598.0,38512.0,38535.0,7338566.5655
91,1623878100000,38534.0,38640.0,38534.0,38628.0,7060088.2118
92,1623878400000,38628.0,38700.0,38602.0,38653.0,9535816.584
93,1623878700000,38653.0,38750.0,38621.0,38685.0,7364320.5826
94,1623879000000,38685.0,38724.0,38685.0,38702.0,2082311.7109
95,1623879300000,38701.0,38741.0,38655.0,38662.0,2385382.7041
96,1623879600000,38662.0,38672.0,38577.0,38600.0,5177933.6547
97,1623879900000,38600.0,38668.0,38584.0,38661.0,4122831.5997
98,1623880200000,38661.0,38875.0,38648.0,38845.0,18047021.1898
99,1623880500000,38845.0,38845.0,38722.0,38762.0,5144516.3728
100,1623880800000,38761.0,38878.0,38694.0,38820.0,5413206.7106
101,1623881100000,38820.0,38916.0,38773.0,38800.0,7970203.443
102,1623881400000,38800.0,38830.0,38746.0,38753.0,2624886.6816
103,1623881700000,38753.0,38765.0,38670.0,38717.0,7149197.0647
104,1623882000000,38717.0,38800.0,38717.0,38741.0,5165246.1861
105,1623882300000,38741.0,38822.0,38601.0,38638.0,9473903.9059
106,1623882600000,38638.0,38717.0,38602.0,38691.0,3822286.7847
107,1623882900000,38691.0,38695.0,38568.0,38572.0,6069720.2584
108,1623883200000,38572.0,38608.0,38526.0,38534.0,7331985.8137
109,1623883500000,38534.0,38630.0,38512.0,38571.0,4114841.3285
110,1623883800000,38571.0,38577.0,38514.0,38565.0,5076782.6091
111,1623884100000,38565.0,38599.0,38527.0,38557.0,2827994.5981
112,1623884400000,38557.0,38580.0,38362.0,38479.0,16439335.0899
113,1623884700000,38479.0,38496.0,38418.0,38446.0,7193000.9967
114,1623885000000,38447.0,38471.0,38323.0,38426.0,10572151.265
115,1623885300000,38426.0,38427.0,38100.0,38300.0,35113201.3213
116,1623885600000,38300.0,38310.0,38126.0,38191.0,10139482.1799
117,1623885900000,38191.0,38251.0,38136.0,38210.0,5384880.675
118,1623886200000,38210.0,38242.0,38110.0,38171.0,8779657.1356
119,1623886500000,38171.0,38281.0,38152.0,38272.0,8629037.3414
120,1623886800000,38272.0,38286.0,38178.0,38202.0,4808289.8746
121,1623887100000,38202.0,38314.0,38188.0,38284.0,4703577.0248
122,1623887400000,38284.0,38298.0,38232.0,38265.0,2891631.0066
123,1623887700000,38265.0,38346.0,38245.0,38340.0,4337351.8343
124,1623888000000,38340.0,38450.0,38200.0,38279.0,53619062.2496
125,1623888300000,38279.0,38485.0,38275.0,38478.0,11980718.4181
126,1623888600000,38478.0,38579.0,38458.0,38533.0,15076597.074
127,1623888900000,38533.0,38650.0,38444.0,38474.0,9995751.7547
128,1623889200000,38474.0,38481.0,38375.0,38411.0,5873116.7941
129,1623889500000,38411.0,38456.0,38385.0,38443.0,3632684.5978
130,1623889800000,38443.0,38592.0,38395.0,38587.0,8479432.7251
131,1623890100000,38587.0,38620.0,38541.0,38571.0,5336409.0317
132,1623890400000,38572.0,38650.0,38554.0,38621.0,9338561.7134
133,1623890700000,38621.0,38621.0,38529.0,38574.0,8929390.8518
134,1623891000000,38574.0,38610.0,38539.0,38549.0,2232565.0512
135,1623891300000,38549.0,38631.0,38545.0,38618.0,5332846.3961
136,1623891600000,38618.0,38682.0,38532.0,38532.0,7294739.4033
137,1623891900000,38532.0,38719.0,38529.0,38689.0,5058408.747
138,1623892200000,38689.0,38745.0,38684.0,38714.0,7692198.0841
139,1623892500000,38714.0,38786.0,38660.0,38684.0,7343535.2809
140,1623892800000,38684.0,38726.0,38656.0,38682.0,2858697.9058
141,1623893100000,38682.0,38751.0,38670.0,38696.0,2378700.3528
142,1623893400000,38696.0,38726.0,38650.0,38678.0,2382496.3516
143,1623893700000,38678.0,38695.0,38643.0,38653.0,3354036.4701
144,1623894000000,38653.0,38653.0,38538.0,38593.0,10821500.8661
145,1623894300000,38593.0,38666.0,38593.0,38655.0,5159624.6772
146,1623894600000,38655.0,38677.0,38576.0,38576.0,2179504.8022
147,1623894900000,38576.0,38669.0,38576.0,38652.0,1915455.4043
148,1623895200000,38652.0,38689.0,38613.0,38627.0,3256412.149
149,1623895500000,38627.0,38762.0,38627.0,38718.0,3242293.8614
150,1623895800000,38718.0,38830.0,38718.0,38797.0,9033069.7179
151,1623896100000,38797.0,38850.0,38766.0,38770.0,4815850.6612
152,1623896400000,38770.0,38797.0,38720.0,38755.0,6721984.9939
153,1623896700000,38755.0,38825.0,38729.0,38807.0,6651841.9914
154,1623897000000,38807.0,38841.0,38764.0,38775.0,3026182.3243
155,1623897300000,38775.0,38803.0,38742.0,38772.0,3184932.536
156,1623897600000,38772.0,38783.0,38707.0,38726.0,3975839.8257
157,1623897900000,38726.0,38820.0,38714.0,38782.0,9529247.4565
158,1623898200000,38782.0,38790.0,38718.0,38739.0,4293507.5293
159,1623898500000,38739.0,38768.0,38680.0,38692.0,3784129.6252
160,1623898800000,38692.0,38780.0,38692.0,38755.0,2466966.069
161,1623899100000,38755.0,38819.0,38751.0,38774.0,8903704.7486
162,1623899400000,38769.0,38834.0,38768.0,38817.0,4875765.8015
163,1623899700000,38817.0,38830.0,38774.0,38775.0,3363750.9119
164,1623900000000,38775.0,38881.0,38770.0,38843.0,9589300.485
165,1623900300000,38843.0,38865.0,38795.0,38856.0,4624573.9868
166,1623900600000,38856.0,38966.0,38856.0,38896.0,12803699.3339
167,1623900900000,38896.0,38975.0,38893.0,38894.0,5572957.4203
168,1623901200000,38894.0,38908.0,38857.0,38860.0,7999292.7835
169,1623901500000,38860.0,38879.0,38825.0,38873.0,3804596.2958
170,1623901800000,38873.0,38895.0,38804.0,38819.0,7693667.4198
171,1623902100000,38819.0,38870.0,38819.0,38870.0,2122900.5095
172,1623902400000,38871.0,38929.0,38843.0,38929.0,4951880.126
173,1623902700000,38929.0,39050.0,38928.0,39029.0,13393137.023
174,1623903000000,39029.0,39038.0,38950.0,38973.0,9611156.8022
175,1623903300000,38973.0,39030.0,38957.0,38970.0,3190527.1565
176,1623903600000,38970.0,39009.0,38955.0,38970.0,2522652.8222
177,1623903900000,38970.0,39021.0,38943.0,38943.0,7788734.5401
178,1623904200000,38943.0,39013.0,38943.0,39012.0,2404877.307
179,1623904500000,39012.0,39074.0,38975.0,38978.0,16127484.0655
180,1623904800000,38978.0,38987.0,38832.0,38840.0,12164628.2217
181,1623905100000,38840.0,38844.0,38773.0,38840.0,8658499.9084
182,1623905400000,38840.0,38880.0,38767.0,38788.0,3968846.9197
183,1623905700000,38788.0,38829.0,38788.0,38798.0,3190692.0868
184,1623906000000,38798.0,38871.0,38711.0,38729.0,14325716.4655
185,1623906300000,38729.0,38749.0,38630.0,38716.0,17896644.0863
186,1623906600000,38716.0,38852.0,38707.0,38788.0,8752730.7906
187,1623906900000,38788.0,38845.0,38738.0,38739.0,3476952.2146
188,1623907200000,38739.0,38786.0,38729.0,38739.0,6146763.5908
189,1623907500000,38739.0,38809.0,38735.0,38757.0,8262948.0734
190,1623907800000,38757.0,38833.0,38757.0,38815.0,4609328.1874
191,1623908100000,38815.0,38854.0,38795.0,38795.0,2631076.8985
192,1623908400000,38795.0,38800.0,38701.0,38793.0,6197933.8701
193,1623908700000,38793.0,38838.0,38764.0,38817.0,3191683.6781
194,1623909000000,38817.0,38832.0,38745.0,38818.0,7576216.1
195,1623909300000,38818.0,38832.0,38711.0,38713.0,5999546.9386
196,1623909600000,38713.0,38781.0,38713.0,38773.0,5182376.0419
197,1623909900000,38773.0,38823.0,38773.0,38789.0,6506016.7903
198,1623910200000,38789.0,38832.0,38788.0,38832.0,3033561.3098
199,1623910500000,38832.0,38832.0,38749.0,38793.0,4948489.9568
200,1623910800000,38793.0,38983.0,38786.0,38908.0,15086677.6765
201,1623911100000,38908.0,39208.0,38903.0,39130.0,67466245.7858
202,1623911400000,39130.0,39157.0,39075.0,39085.0,11442928.6559
203,1623911700000,39089.0,39148.0,39081.0,39090.0,5436298.5294
204,1623912000000,39090.0,39244.0,39090.0,39191.0,11833374.3006
205,1623912300000,39191.0,39191.0,39129.0,39166.0,5005039.9281
206,1623912600000,39166.0,39306.0,39166.0,39248.0,24402176.4735
207,1623912900000,39248.0,39296.0,39235.0,39255.0,21291021.131
208,1623913200000,39255.0,39301.0,39156.0,39168.0,31818758.5793
209,1623913500000,39168.0,39429.0,39137.0,39390.0,30121788.8395
210,1623913800000,39390.0,39398.0,39307.0,39313.0,7272812.9902
211,1623914100000,39313.0,39316.0,39215.0,39248.0,7244100.5398
212,1623914400000,39248.0,39288.0,39217.0,39244.0,4385781.4869
213,1623914700000,39244.0,39400.0,39243.0,39357.0,13129147.3298
214,1623915000000,39357.0,39403.0,39334.0,39334.0,5695723.1635
215,1623915300000,39334.0,39393.0,39280.0,39314.0,5209204.2634
216,1623915600000,39314.0,39340.0,39280.0,39340.0,3363586.5451
217,1623915900000,39340.0,39351.0,39234.0,39246.0,12415279.8886
218,1623916200000,39246.0,39303.0,39210.0,39286.0,12239521.0894
219,1623916500000,39286.0,39294.0,39210.0,39216.0,6708938.6503
220,1623916800000,39216.0,39307.0,39203.0,39223.0,11150475.0288
221,1623917100000,39223.0,39240.0,39136.0,39148.0,7804395.9099
222,1623917400000,39148.0,39238.0,39142.0,39210.0,7279919.1012
223,1623917700000,39210.0,39257.0,39200.0,39200.0,6289038.5313
224,1623918000000,39200.0,39363.0,39145.0,39320.0,16224299.5528
225,1623918300000,39320.0,39339.0,39281.0,39311.0,5067765.0038
226,1623918600000,39311.0,39422.0,39311.0,39363.0,6262048.605
227,1623918900000,39363.0,39413.0,39313.0,39393.0,5545529.0047
228,1623919200000,39393.0,39393.0,39323.0,39344.0,4288860.1862
229,1623919500000,39344.0,39350.0,39068.0,39136.0,24477877.4681
230,1623919800000,39136.0,39188.0,39108.0,39170.0,5278155.3224
231,1623920100000,39170.0,39322.0,39170.0,39293.0,16006820.4843
232,1623920400000,39293.0,39416.0,39292.0,39335.0,8884106.3013
233,1623920700000,39335.0,39367.0,39306.0,39314.0,2941237.5495
234,1623921000000,39314.0,39353.0,39266.0,39318.0,3597995.7899
235,1623921300000,39318.0,39318.0,39208.0,39239.0,8970594.3839
236,1623921600000,39239.0,39252.0,39162.0,39217.0,7873411.1406
237,1623921900000,39217.0,39411.0,39180.0,39363.0,82560500.6919
238,1623922200000,39363.0,39403.0,39340.0,39359.0,21192104.2177
239,1623922500000,39359.0,39393.0,39340.0,39365.0,8380526.0774
240,1623922800000,39365.0,39365.0,39340.0,39345.0,4103887.0735
241,1623923100000,39345.0,39345.0,39263.0,39275.0,12801737.7927
242,1623923400000,39275.0,39582.0,39275.0,39512.0,31607320.6556
243,1623923700000,39512.0,39560.0,39473.0,39516.0,18046928.6466
244,1623924000000,39516.0,39580.0,39443.0,39467.0,8458392.696
245,1623924300000,39467.0,39467.0,39411.0,39423.0,5325278.4138
246,1623924600000,39422.0,39480.0,39405.0,39472.0,4500755.7006
247,1623924900000,39472.0,39519.0,39439.0,39459.0,5420391.2667
248,1623925200000,39459.0,39473.0,39415.0,39449.0,2743167.133
249,1623925500000,39449.0,39474.0,39437.0,39442.0,2203846.7283
250,1623925800000,39442.0,39456.0,39379.0,39406.0,6027203.0752
251,1623926100000,39406.0,39429.0,39325.0,39359.0,6494633.2946
252,1623926400000,39359.0,39377.0,39310.0,39324.0,3441487.3071
253,1623926700000,39324.0,39377.0,39296.0,39338.0,3463055.2886
254,1623927000000,39338.0,39350.0,39226.0,39273.0,6483605.9954
255,1623927300000,39273.0,39306.0,39259.0,39273.0,2367738.1424
256,1623927600000,39273.0,39308.0,39266.0,39284.0,2993801.7708
257,1623927900000,39284.0,39330.0,39251.0,39255.0,5283545.913
258,1623928200000,39255.0,39332.0,39254.0,39296.0,2740976.7198
259,1623928500000,39296.0,39297.0,39242.0,39252.0,3315895.7276
260,1623928800000,39252.0,39271.0,39162.0,39173.0,8361881.3605
261,1623929100000,39173.0,39217.0,39127.0,39189.0,9587093.9533
262,1623929400000,39189.0,39222.0,39155.0,39158.0,4195345.7284
263,1623929700000,39158.0,39223.0,39158.0,39218.0,5539800.4767
264,1623930000000,39218.0,39250.0,39176.0,39205.0,4964796.37
265,1623930300000,39205.0,39336.0,39204.0,39255.0,35076295.4562
266,1623930600000,39255.0,39272.0,39191.0,39192.0,10835624.2571
267,1623930900000,39192.0,39228.0,39168.0,39169.0,3611699.1198
268,1623931200000,39169.0,39191.0,39098.0,39133.0,9762602.0357
269,1623931500000,39133.0,39208.0,39127.0,39184.0,5147935.2969
270,1623931800000,39183.0,39190.0,38808.0,38865.0,34049504.9719
271,1623932100000,38864.0,38918.0,38745.0,38807.0,37041311.0747
272,1623932400000,38807.0,38874.0,38784.0,38798.0,32200883.1146
273,1623932700000,38798.0,38835.0,38700.0,38772.0,16984540.0489
274,1623933000000,38772.0,38776.0,38608.0,38677.0,24688765.2597
275,1623933300000,38677.0,38815.0,38676.0,38761.0,31855718.6319
276,1623933600000,38761.0,38820.0,38718.0,38777.0,33080517.27
277,1623933900000,38777.0,38799.0,38650.0,38785.0,12912197.4999
278,1623934200000,38785.0,38892.0,38770.0,38810.0,41077257.4981
279,1623934500000,38810.0,38829.0,38747.0,38800.0,8599332.1758
280,1623934800000,38800.0,38877.0,38708.0,38836.0,27703004.7331
281,1623935100000,38835.0,38839.0,38748.0,38749.0,13779204.6538
282,1623935400000,38749.0,38755.0,38667.0,38750.0,8268363.444
283,1623935700000,38750.0,38755.0,38658.0,38734.0,8103414.3986
284,1623936000000,38734.0,38781.0,38701.0,38781.0,6694868.9092
285,1623936300000,38781.0,38786.0,38717.0,38760.0,3336213.7193
286,1623936600000,38760.0,38896.0,38734.0,38878.0,9503392.6444
287,1623936900000,38878.0,38893.0,38817.0,38876.0,5274539.8217
288,1623937200000,38876.0,38876.0,38806.0,38821.0,4613984.1708
289,1623937500000,38821.0,38868.0,38812.0,38863.0,5764701.3351
290,1623937800000,38863.0,38864.0,38780.0,38813.0,4687866.0124
291,1623938100000,38813.0,38813.0,38717.0,38738.0,9330897.2998
292,1623938400000,38738.0,38738.0,38422.0,38527.0,31955047.8412
293,1623938700000,38527.0,38579.0,38436.0,38538.0,18871525.9509
294,1623939000000,38538.0,38580.0,38510.0,38555.0,4612273.8642
295,1623939300000,38555.0,38605.0,38524.0,38591.0,8602551.9599
296,1623939600000,38591.0,38635.0,38560.0,38618.0,5014721.0725
297,1623939900000,38618.0,38880.0,38618.0,38830.0,41608745.52
298,1623940200000,38830.0,38965.0,38821.0,38832.0,26722777.3781
299,1623940500000,38832.0,38890.0,38814.0,38855.0,7189630.3003
300,1623940800000,38855.0,38864.0,38704.0,38764.0,9538601.9608
301,1623941100000,38764.0,38818.0,38742.0,38761.0,4842971.3768
302,1623941400000,38761.0,38868.0,38751.0,38834.0,6859794.4677
303,1623941700000,38834.0,38928.0,38796.0,38903.0,9928993.3677
304,1623942000000,38903.0,39000.0,38868.0,38894.0,17252521.3209
305,1623942300000,38894.0,38905.0,38835.0,38868.0,7685695.7683
306,1623942600000,38868.0,38897.0,38818.0,38881.0,26830405.8526
307,1623942900000,38881.0,38882.0,38801.0,38851.0,12310162.471
308,1623943200000,38851.0,38865.0,38821.0,38865.0,5379620.3198
309,1623943500000,38865.0,38910.0,38865.0,38876.0,3635165.6386
310,1623943800000,38876.0,39089.0,38876.0,39014.0,29468699.0943
311,1623944100000,39014.0,39023.0,38913.0,38971.0,10621092.1955
312,1623944400000,38971.0,38975.0,38909.0,38920.0,3566762.0732
313,1623944700000,38920.0,39014.0,38920.0,39006.0,15443648.9397
314,1623945000000,39006.0,39150.0,38972.0,39069.0,21041977.4418
315,1623945300000,39069.0,39105.0,38978.0,39006.0,22348847.1595
316,1623945600000,39006.0,39106.0,38865.0,38875.0,23283507.9444
317,1623945900000,38880.0,38911.0,38767.0,38825.0,25092092.8849
318,1623946200000,38823.0,38893.0,38823.0,38841.0,3605446.0621
319,1623946500000,38841.0,38842.0,38600.0,38616.0,17849612.479
320,1623946800000,38616.0,38732.0,38500.0,38712.0,35365243.6777
321,1623947100000,38712.0,38712.0,38553.0,38629.0,22095979.2591
322,1623947400000,38629.0,38643.0,38482.0,38642.0,11854399.3106
323,1623947700000,38642.0,38694.0,38584.0,38625.0,8171690.1795
324,1623948000000,38625.0,38633.0,38469.0,38514.0,6592421.1979
325,1623948300000,38514.0,38514.0,38289.0,38391.0,24142277.3925
326,1623948600000,38391.0,38441.0,38338.0,38391.0,5595070.4713
327,1623948900000,38391.0,38515.0,38274.0,38504.0,35354124.4452
328,1623949200000,38504.0,38544.0,38309.0,38438.0,31942393.6943
329,1623949500000,38438.0,38459.0,38369.0,38420.0,13571990.2979
330,1623949800000,38420.0,38420.0,38200.0,38241.0,16694303.5482
331,1623950100000,38241.0,38333.0,38171.0,38228.0,21015060.126
332,1623950400000,38228.0,38228.0,37800.0,37887.0,100483276.0392
333,1623950700000,37887.0,37900.0,37736.0,37818.0,45669154.4317
334,1623951000000,37818.0,37908.0,37630.0,37905.0,41288569.395
335,1623951300000,37905.0,37939.0,37725.0,37785.0,57163621.9025
336,1623951600000,37785.0,37865.0,37760.0,37845.0,25046565.0876
337,1623951900000,37845.0,37865.0,37769.0,37800.0,24521529.1127
338,1623952200000,37800.0,37820.0,37620.0,37694.0,47432491.8774
339,1623952500000,37694.0,37700.0,37594.0,37672.0,31958874.7774
340,1623952800000,37672.0,37775.0,37613.0,37759.0,43315317.1764
341,1623953100000,37759.0,37775.0,37526.0,37637.0,39090377.4255
342,1623953400000,37637.0,37710.0,37573.0,37698.0,30425846.8512
343,1623953700000,37698.0,37754.0,37606.0,37691.0,30027731.1323
344,1623954000000,37691.0,37715.0,37562.0,37693.0,26026274.374
345,1623954300000,37693.0,37720.0,37647.0,37720.0,10243413.6685
346,1623954600000,37720.0,37799.0,37500.0,37787.0,51085599.8407
347,1623954900000,37787.0,37835.0,37682.0,37740.0,29193701.9144
348,1623955200000,37740.0,37835.0,37733.0,37765.0,12347885.7168
349,1623955500000,37765.0,37879.0,37732.0,37864.0,17522974.0381
350,1623955800000,37864.0,37864.0,37744.0,37766.0,12447449.9388
351,1623956100000,37766.0,37780.0,37694.0,37730.0,9647467.0016
352,1623956400000,37730.0,37737.0,37641.0,37688.0,8826609.8781
353,1623956700000,37688.0,37752.0,37650.0,37683.0,7349370.108
354,1623957000000,37683.0,37787.0,37675.0,37722.0,8312327.4355
355,1623957300000,37722.0,37722.0,37630.0,37688.0,5132289.8971
356,1623957600000,37688.0,37811.0,37688.0,37780.0,5708113.7752
357,1623957900000,37780.0,37780.0,37716.0,37720.0,5099841.6254
358,1623958200000,37720.0,37827.0,37717.0,37758.0,7703092.3215
359,1623958500000,37758.0,37900.0,37758.0,37880.0,11790597.3718
360,1623958800000,37880.0,37889.0,37773.0,37792.0,8217842.0556
361,1623959100000,37792.0,37844.0,37751.0,37756.0,6715502.9093
362,1623959400000,37756.0,37769.0,37647.0,37649.0,8355734.5632
363,1623959700000,37649.0,37741.0,37627.0,37680.0,9514201.1773
364,1623960000000,37680.0,37680.0,37376.0,37523.0,40309778.4876
365,1623960300000,37523.0,37646.0,37350.0,37623.0,33891231.4582
366,1623960600000,37622.0,37850.0,37590.0,37830.0,29132243.6447
367,1623960900000,37830.0,37846.0,37680.0,37741.0,17261255.8525
368,1623961200000,37740.0,37770.0,37650.0,37734.0,6188588.6872
369,1623961500000,37734.0,37796.0,37709.0,37757.0,2633262.4933
370,1623961800000,37757.0,37757.0,37663.0,37700.0,6925862.1031
371,1623962100000,37700.0,37700.0,37617.0,37640.0,5994654.1505
372,1623962400000,37640.0,37724.0,37640.0,37710.0,2838162.4709
373,1623962700000,37710.0,37769.0,37687.0,37758.0,5506517.3102
374,1623963000000,37758.0,37769.0,37640.0,37660.0,4350722.1552
375,1623963300000,37660.0,37756.0,37660.0,37745.0,2056689.1727
376,1623963600000,37745.0,37745.0,37640.0,37669.0,7200230.9128
377,1623963900000,37669.0,37669.0,37573.0,37643.0,9035708.4882
378,1623964200000,37643.0,37649.0,37564.0,37578.0,7522240.9142
379,1623964500000,37578.0,37593.0,37516.0,37518.0,8591379.2772
380,1623964800000,37518.0,37628.0,37518.0,37625.0,4189435.7743
381,1623965100000,37625.0,37698.0,37613.0,37690.0,9127260.846
382,1623965400000,37690.0,37690.0,37615.0,37664.0,6119841.8212
383,1623965700000,37664.0,37735.0,37664.0,37675.0,6640906.1269
384,1623966000000,37675.0,37800.0,37675.0,37791.0,7194056.4765
385,1623966300000,37791.0,37791.0,37730.0,37783.0,7860841.6784
386,1623966600000,37783.0,37800.0,37738.0,37769.0,4698658.0337
387,1623966900000,37769.0,37769.0,37699.0,37718.0,2441781.8278
388,1623967200000,37718.0,37737.0,37665.0,37707.0,2256560.8125
389,1623967500000,37707.0,37708.0,37632.0,37686.0,3704946.3589
390,1623967800000,37686.0,37718.0,37577.0,37674.0,10967957.8186
391,1623968100000,37677.0,37799.0,37657.0,37777.0,12275715.432
392,1623968400000,37777.0,37777.0,37668.0,37738.0,4434955.2332
393,1623968700000,37738.0,37799.0,37715.0,37792.0,2532495.9758
394,1623969000000,37792.0,37799.0,37680.0,37704.0,3241853.23
395,1623969300000,37704.0,37708.0,37631.0,37641.0,3580289.279
396,1623969600000,37641.0,37736.0,37619.0,37718.0,5554018.7932
397,1623969900000,37718.0,37831.0,37662.0,37806.0,6333845.2923
398,1623970200000,37806.0,37822.0,37742.0,37747.0,4221472.3929
399,1623970500000,37747.0,37950.0,37727.0,37934.0,11476336.4787
400,1623970800000,37934.0,38120.0,37820.0,38073.0,29152474.0767
401,1623971100000,38073.0,38189.0,38073.0,38165.0,18870688.1833
402,1623971400000,38165.0,38189.0,38084.0,38111.0,11680488.2473
403,1623971700000,38111.0,38111.0,38025.0,38074.0,4154511.8388
404,1623972000000,38074.0,38074.0,38008.0,38038.0,2629373.9935
405,1623972300000,38038.0,38038.0,37915.0,37963.0,5952449.3132
406,1623972600000,37963.0,37969.0,37819.0,37829.0,11085521.0589
407,1623972900000,37829.0,37942.0,37829.0,37901.0,7112121.8034
408,1623973200000,37901.0,37950.0,37889.0,37903.0,1526782.0265
409,1623973500000,37903.0,38089.0,37891.0,38089.0,6553209.7812
410,1623973800000,38091.0,38120.0,38011.0,38059.0,6442964.8199
411,1623974100000,38059.0,38087.0,37976.0,38072.0,5466982.2881
412,1623974400000,38072.0,38073.0,37935.0,37976.0,13635631.5958
413,1623974700000,37976.0,37976.0,37867.0,37968.0,6886933.6535
414,1623975000000,37968.0,38147.0,37968.0,38137.0,8457522.5599
415,1623975300000,38136.0,38190.0,38083.0,38105.0,9929897.7771
416,1623975600000,38105.0,38106.0,37993.0,37995.0,4799205.727
417,1623975900000,37995.0,38070.0,37989.0,38003.0,2039556.5966
418,1623976200000,38003.0,38093.0,37998.0,38063.0,2620611.9869
419,1623976500000,38063.0,38063.0,37985.0,37995.0,4216824.415
420,1623976800000,37995.0,37997.0,37925.0,37929.0,2676869.8001
421,1623977100000,37929.0,37996.0,37928.0,37942.0,3715642.1245
422,1623977400000,37942.0,37983.0,37840.0,37856.0,5936649.2016
423,1623977700000,37855.0,37873.0,37536.0,37666.0,33980265.3189
424,1623978000000,37666.0,37776.0,37571.0,37597.0,9781984.3657
425,1623978300000,37597.0,37730.0,37593.0,37660.0,4554216.6274
426,1623978600000,37660.0,37747.0,37660.0,37688.0,2989612.3938
427,1623978900000,37688.0,37768.0,37675.0,37680.0,5463021.3494
428,1623979200000,37680.0,37720.0,37660.0,37704.0,2450419.2387
429,1623979500000,37704.0,37750.0,37636.0,37638.0,4810407.7225
430,1623979800000,37640.0,37674.0,37565.0,37575.0,5214158.4578
431,1623980100000,37575.0,37663.0,37488.0,37629.0,7868588.8673
432,1623980400000,37628.0,37700.0,37580.0,37700.0,2941640.3207
433,1623980700000,37700.0,37798.0,37646.0,37652.0,6306143.9299
434,1623981000000,37652.0,37680.0,37582.0,37595.0,6001473.0985
435,1623981300000,37595.0,37660.0,37589.0,37645.0,2704836.941
436,1623981600000,37645.0,37645.0,37560.0,37616.0,2612624.1269
437,1623981900000,37616.0,37645.0,37315.0,37379.0,22671126.4691
438,1623982200000,37379.0,37465.0,37370.0,37414.0,7689764.7779
439,1623982500000,37414.0,37476.0,37288.0,37318.0,9559700.5566
440,1623982800000,37318.0,37377.0,37205.0,37239.0,17835416.885
441,1623983100000,37239.0,37366.0,37239.0,37366.0,3471025.9049
442,1623983400000,37366.0,37542.0,37328.0,37541.0,11742079.2102
443,1623983700000,37541.0,37714.0,37511.0,37644.0,11279127.7294
444,1623984000000,37644.0,37677.0,37586.0,37586.0,6942963.3949
445,1623984300000,37586.0,37902.0,37583.0,37825.0,12243322.1993
446,1623984600000,37825.0,37879.0,37795.0,37826.0,5811669.9752
447,1623984900000,37826.0,37826.0,37765.0,37774.0,4731823.3713
448,1623985200000,37774.0,37862.0,37734.0,37810.0,6705597.6867
449,1623985500000,37810.0,37969.0,37796.0,37913.0,6165958.6028
450,1623985800000,37912.0,37917.0,37856.0,37873.0,2818729.9239
451,1623986100000,37873.0,37905.0,37836.0,37899.0,4172281.108
452,1623986400000,37899.0,37927.0,37820.0,37841.0,4143916.777
453,1623986700000,37841.0,37929.0,37841.0,37884.0,4179382.6968
454,1623987000000,37884.0,37885.0,37827.0,37828.0,3510035.7711
455,1623987300000,37828.0,37863.0,37784.0,37785.0,4064172.8113
456,1623987600000,37785.0,37897.0,37771.0,37877.0,6199722.8851
457,1623987900000,37877.0,38022.0,37877.0,37895.0,11090372.5861
458,1623988200000,37895.0,37940.0,37868.0,37928.0,4563801.4447
459,1623988500000,37928.0,37935.0,37886.0,37915.0,3788056.6322
460,1623988800000,37915.0,37963.0,37889.0,37889.0,4987959.7804
461,1623989100000,37889.0,37908.0,37816.0,37845.0,4712342.5415
462,1623989400000,37846.0,37859.0,37793.0,37820.0,3495329.915
463,1623989700000,37820.0,37861.0,37788.0,37842.0,3399475.1787
464,1623990000000,37842.0,37950.0,37818.0,37886.0,6898740.204
465,1623990300000,37886.0,37939.0,37873.0,37897.0,1962051.6445
466,1623990600000,37897.0,37955.0,37867.0,37945.0,2427744.5549
467,1623990900000,37945.0,38120.0,37940.0,38046.0,10499532.4646
468,1623991200000,38046.0,38050.0,38005.0,38034.0,2954594.6147
469,1623991500000,38034.0,38034.0,37970.0,37989.0,4843567.8889
470,1623991800000,37989.0,38032.0,37978.0,38014.0,3126125.5809
471,1623992100000,38014.0,38032.0,37900.0,37909.0,7978113.2762
472,1623992400000,37909.0,37961.0,37832.0,37840.0,7036869.4336
473,1623992700000,37840.0,37886.0,37832.0,37885.0,4228712.7279
474,1623993000000,37885.0,37902.0,37863.0,37881.0,2375370.4566
475,1623993300000,37880.0,37980.0,37843.0,37970.0,5620420.9331
476,1623993600000,37970.0,37990.0,37940.0,37940.0,4930068.6008
477,1623993900000,37940.0,38009.0,37940.0,37946.0,2944491.5902
478,1623994200000,37945.0,38008.0,37945.0,37999.0,3783904.1572
479,1623994500000,37999.0,38079.0,37985.0,38000.0,3700758.5328
480,1623994800000,38000.0,38023.0,37942.0,37965.0,4492137.9083
481,1623995100000,37965.0,37965.0,37744.0,37774.0,13493099.0865
482,1623995400000,37774.0,37810.0,37542.0,37624.0,21212619.2096
483,1623995700000,37624.0,37659.0,37501.0,37608.0,18016548.3334
484,1623996000000,37608.0,37650.0,37520.0,37578.0,8243843.7509
485,1623996300000,37578.0,37637.0,37547.0,37608.0,7206658.8823
486,1623996600000,37608.0,37657.0,37608.0,37639.0,2601993.2545
487,1623996900000,37639.0,37729.0,37548.0,37586.0,9889439.1583
488,1623997200000,37586.0,37586.0,37450.0,37531.0,13852106.2545
489,1623997500000,37531.0,37570.0,37484.0,37551.0,6368132.0014
490,1623997800000,37551.0,37566.0,37474.0,37550.0,4250919.5333
491,1623998100000,37550.0,37617.0,37539.0,37557.0,7067673.5914
492,1623998400000,37557.0,37623.0,37550.0,37594.0,4621869.0831
493,1623998700000,37594.0,37610.0,37446.0,37491.0,6181063.7844
494,1623999000000,37491.0,37532.0,37381.0,37385.0,7770558.7132
495,1623999300000,37385.0,37485.0,37385.0,37447.0,4522099.5885
496,1623999600000,37447.0,37616.0,37447.0,37554.0,7942713.8016
497,1623999900000,37554.0,37679.0,37512.0,37615.0,3810488.0699
498,1624000200000,37615.0,37705.0,37615.0,37662.0,3859706.282
499,1624000500000,37662.0,37773.0,37623.0,37719.0,5173485.8055
500,1624000800000,37719.0,37730.0,37672.0,37692.0,4148598.7348
501,1624001100000,37692.0,37730.0,37640.0,37691.0,4106367.6903
502,1624001400000,37691.0,37755.0,37598.0,37725.0,4046972.8216
503,1624001700000,37725.0,37774.0,37703.0,37747.0,2831745.5285
504,1624002000000,37746.0,37802.0,37730.0,37785.0,4973546.9737
505,1624002300000,37785.0,37792.0,37680.0,37718.0,7288702.2522
506,1624002600000,37718.0,37743.0,37678.0,37727.0,5219378.215
507,1624002900000,37727.0,37727.0,37675.0,37697.0,3338459.9675
508,1624003200000,37697.0,37727.0,37553.0,37621.0,5780834.0717
509,1624003500000,37621.0,37876.0,37621.0,37843.0,16861025.9487
510,1624003800000,37843.0,37863.0,37801.0,37801.0,8706195.8058
511,1624004100000,37801.0,37880.0,37781.0,37795.0,6830886.1091
512,1624004400000,37795.0,37907.0,37795.0,37880.0,8164286.4033
513,1624004700000,37880.0,37915.0,37856.0,37896.0,4028240.805
514,1624005000000,37896.0,37950.0,37854.0,37856.0,5294164.1053
515,1624005300000,37856.0,37918.0,37853.0,37911.0,3017499.0025
516,1624005600000,37911.0,37920.0,37854.0,37864.0,4156437.7331
517,1624005900000,37864.0,37899.0,37807.0,37820.0,5833799.6173
518,1624006200000,37820.0,37978.0,37820.0,37891.0,7859389.1437
519,1624006500000,37891.0,37914.0,37850.0,37868.0,2324142.335
520,1624006800000,37868.0,37914.0,37712.0,37752.0,11328270.0521
521,1624007100000,37752.0,37800.0,37690.0,37767.0,8469650.7499
522,1624007400000,37767.0,37854.0,37767.0,37820.0,5521371.4239
523,1624007700000,37820.0,37847.0,37631.0,37665.0,5817610.8832
524,1624008000000,37665.0,37753.0,37575.0,37752.0,13515270.2086
525,1624008300000,37752.0,37752.0,37645.0,37659.0,5059088.5167
526,1624008600000,37659.0,37736.0,37649.0,37693.0,6167762.9505
527,1624008900000,37694.0,37694.0,37577.0,37604.0,5929688.1833
528,1624009200000,37604.0,37629.0,37504.0,37573.0,11595753.0563
529,1624009500000,37572.0,37645.0,37567.0,37635.0,7903230.7583
530,1624009800000,37635.0,37638.0,37452.0,37498.0,10920549.0752
531,1624010100000,37498.0,37550.0,37465.0,37512.0,8963015.9966
532,1624010400000,37512.0,37512.0,37306.0,37392.0,24277966.0884
533,1624010700000,37392.0,37430.0,37237.0,37309.0,12255246.3281
534,1624011000000,37309.0,37393.0,37286.0,37322.0,10613581.9273
535,1624011300000,37322.0,37390.0,37078.0,37105.0,38747744.5662
536,1624011600000,37105.0,37398.0,37065.0,37393.0,21021750.442
537,1624011900000,37393.0,37734.0,37393.0,37600.0,47802016.0121
538,1624012200000,37600.0,37780.0,37582.0,37695.0,17045678.2209
539,1624012500000,37695.0,37752.0,37638.0,37689.0,7550120.7799
540,1624012800000,37689.0,37800.0,37685.0,37788.0,12748782.2326
541,1624013100000,37788.0,37812.0,37711.0,37743.0,11598705.2922
542,1624013400000,37743.0,37784.0,37696.0,37757.0,10992457.367
543,1624013700000,37757.0,37878.0,37757.0,37845.0,12381480.5369
544,1624014000000,37845.0,38014.0,37814.0,37932.0,28438844.3922
545,1624014300000,37932.0,37954.0,37847.0,37849.0,8015029.68
546,1624014600000,37849.0,37950.0,37848.0,37946.0,8367155.0362
547,1624014900000,37946.0,37959.0,37856.0,37860.0,5398256.4158
548,1624015200000,37860.0,37888.0,37754.0,37795.0,13780806.3992
549,1624015500000,37795.0,37838.0,37751.0,37771.0,4503907.1072
550,1624015800000,37771.0,37813.0,37659.0,37691.0,20855516.4238
551,1624016100000,37691.0,37755.0,37680.0,37728.0,5357006.6428
552,1624016400000,37728.0,37881.0,37727.0,37838.0,17688868.3253
553,1624016700000,37838.0,37949.0,37838.0,37936.0,6018453.8129
554,1624017000000,37936.0,37963.0,37766.0,37846.0,8588381.9495
555,1624017300000,37846.0,37879.0,37779.0,37824.0,4059204.8175
556,1624017600000,37824.0,37944.0,37700.0,37736.0,16955177.2542
557,1624017900000,37736.0,37746.0,37617.0,37708.0,10799922.9412
558,1624018200000,37708.0,37713.0,37523.0,37570.0,25712781.2265
559,1624018500000,37570.0,37598.0,37450.0,37523.0,23199953.278
560,1624018800000,37523.0,37660.0,37428.0,37620.0,30544118.3721
561,1624019100000,37618.0,37619.0,37330.0,37486.0,20289703.426
562,1624019400000,37486.0,37556.0,37422.0,37475.0,12535321.3792
563,1624019700000,37475.0,37564.0,37413.0,37513.0,6918406.9109
564,1624020000000,37513.0,37513.0,37302.0,37328.0,18821748.5456
565,1624020300000,37328.0,37424.0,37309.0,37408.0,6982264.9992
566,1624020600000,37408.0,37494.0,37368.0,37374.0,6646694.6479
567,1624020900000,37374.0,37450.0,37357.0,37430.0,4965533.0673
568,1624021200000,37430.0,37578.0,37429.0,37571.0,10578364.2405
569,1624021500000,37571.0,37671.0,37364.0,37369.0,17967389.0845
570,1624021800000,37369.0,37419.0,37113.0,37165.0,56249530.4698
571,1624022100000,37165.0,37282.0,37050.0,37144.0,44048100.7019
572,1624022400000,37144.0,37223.0,37050.0,37054.0,15102045.0186
573,1624022700000,37054.0,37250.0,37032.0,37174.0,15762794.5079
574,1624023000000,37174.0,37256.0,37146.0,37169.0,12335159.524
575,1624023300000,37169.0,37210.0,37085.0,37111.0,9771243.0351
576,1624023600000,37111.0,37160.0,37023.0,37132.0,23431935.0319
577,1624023900000,37132.0,37277.0,37126.0,37265.0,13344653.5274
578,1624024200000,37265.0,37265.0,37085.0,37150.0,9289181.2651
579,1624024500000,37150.0,37219.0,37138.0,37198.0,7906722.8399
580,1624024800000,37198.0,37297.0,37130.0,37148.0,8965297.3583
581,1624025100000,37148.0,37201.0,36688.0,36870.0,65281982.6413
582,1624025400000,36869.0,36902.0,36644.0,36696.0,68854221.6671
583,1624025700000,36696.0,36787.0,36544.0,36736.0,41139974.7716
584,1624026000000,36736.0,36800.0,36696.0,36798.0,10617426.5673
585,1624026300000,36798.0,36809.0,36714.0,36784.0,17139369.9723
586,1624026600000,36784.0,36808.0,36659.0,36799.0,23991247.705
587,1624026900000,36799.0,36893.0,36785.0,36835.0,14570723.452
588,1624027200000,36836.0,36836.0,36633.0,36655.0,19675631.161
589,1624027500000,36655.0,36730.0,36649.0,36709.0,9604247.4411
590,1624027800000,36709.0,36760.0,36665.0,36695.0,11024217.5466
591,1624028100000,36695.0,36744.0,36510.0,36699.0,43088097.3212
592,1624028400000,36699.0,36810.0,36626.0,36786.0,17948600.5748
593,1624028700000,36786.0,36832.0,36633.0,36659.0,12560827.5201
594,1624029000000,36659.0,36737.0,36650.0,36674.0,9984296.2514
595,1624029300000,36674.0,36731.0,36609.0,36621.0,9994219.0943
596,1624029600000,36621.0,36665.0,36568.0,36590.0,9235110.2696
597,1624029900000,36590.0,36609.0,36322.0,36472.0,52070756.2806
598,1624030200000,36472.0,36578.0,36420.0,36523.0,16604708.4556
599,1624030500000,36523.0,36560.0,36450.0,36498.0,10253742.768
600,1624030800000,36498.0,36521.0,36450.0,36519.0,8180627.3187
601,1624031100000,36519.0,36586.0,36362.0,36435.0,22470783.6859
602,1624031400000,36431.0,36526.0,36316.0,36416.0,23931021.682
603,1624031700000,36416.0,36488.0,36353.0,36366.0,14535634.503
604,1624032000000,36366.0,36633.0,36308.0,36430.0,44422525.2978
605,1624032300000,36430.0,36493.0,36260.0,36427.0,28394266.4652
606,1624032600000,36427.0,36470.0,36359.0,36442.0,7477709.7655
607,1624032900000,36442.0,36500.0,36404.0,36404.0,6515402.6037
608,1624033200000,36404.0,36539.0,36388.0,36505.0,11192753.1496
609,1624033500000,36506.0,36601.0,36481.0,36586.0,9749133.449
610,1624033800000,36586.0,36744.0,36541.0,36679.0,20013346.393
611,1624034100000,36678.0,36689.0,36543.0,36544.0,8757528.8648
612,1624034400000,36544.0,36641.0,36544.0,36630.0,4060462.3646
613,1624034700000,36630.0,36630.0,36588.0,36621.0,3755492.6436
614,1624035000000,36621.0,36725.0,36601.0,36635.0,10235705.2252
615,1624035300000,36635.0,36657.0,36576.0,36604.0,4551518.9439
616,1624035600000,36604.0,36616.0,36410.0,36438.0,13666484.6207
617,1624035900000,36438.0,36537.0,36402.0,36537.0,6697238.452
618,1624036200000,36537.0,36537.0,36403.0,36425.0,10940386.0296
619,1624036500000,36425.0,36470.0,36357.0,36417.0,6782812.9509
620,1624036800000,36417.0,36496.0,36402.0,36418.0,6307163.8296
621,1624037100000,36418.0,36488.0,36417.0,36425.0,3477292.3957
622,1624037400000,36425.0,36492.0,36393.0,36393.0,3473136.0831
623,1624037700000,36393.0,36393.0,36226.0,36277.0,22288540.8388
624,1624038000000,36277.0,36382.0,36222.0,36343.0,12341326.4629
625,1624038300000,36343.0,36450.0,36338.0,36395.0,9509888.8217
626,1624038600000,36395.0,36409.0,36292.0,36304.0,6059080.923
627,1624038900000,36304.0,36351.0,36227.0,36228.0,7646790.0918
628,1624039200000,36228.0,36367.0,36218.0,36330.0,13540416.3954
629,1624039500000,36330.0,36368.0,36276.0,36285.0,8905507.4499
630,1624039800000,36285.0,36291.0,36129.0,36141.0,23398486.7077
631,1624040100000,36141.0,36284.0,36115.0,36182.0,12569803.0135
632,1624040400000,36182.0,36216.0,36077.0,36143.0,11641304.266
633,1624040700000,36143.0,36161.0,35454.0,35725.0,81601594.6206
634,1624041000000,35725.0,35855.0,35681.0,35799.0,36302186.8104
635,1624041300000,35799.0,35820.0,35374.0,35465.0,47945474.0983
636,1624041600000,35465.0,35582.0,35329.0,35506.0,39636048.5676
637,1624041900000,35506.0,35642.0,35369.0,35480.0,18568889.7524
638,1624042200000,35480.0,35548.0,35157.0,35259.0,37143510.0726
639,1624042500000,35258.0,35307.0,35136.0,35289.0,28609042.8354
640,1624042800000,35289.0,35481.0,35248.0,35396.0,23446280.5276
641,1624043100000,35396.0,35479.0,35350.0,35400.0,10748332.6038
642,1624043400000,35400.0,35444.0,35166.0,35329.0,22605510.3843
643,1624043700000,35329.0,35573.0,35329.0,35492.0,32841325.8606
644,1624044000000,35492.0,35520.0,35406.0,35412.0,7049066.3057
645,1624044300000,35412.0,35554.0,35378.0,35469.0,16581505.6272
646,1624044600000,35469.0,35548.0,35443.0,35514.0,11256880.5211
647,1624044900000,35514.0,35527.0,35402.0,35452.0,8374049.0222
648,1624045200000,35452.0,35509.0,35421.0,35500.0,4510836.5171
649,1624045500000,35500.0,35501.0,35370.0,35408.0,9230622.9718
650,1624045800000,35408.0,35484.0,35372.0,35375.0,9394833.3892
651,1624046100000,35375.0,35443.0,35279.0,35317.0,12552563.8948
652,1624046400000,35317.0,35600.0,35207.0,35595.0,30587592.9663
653,1624046700000,35595.0,35676.0,35532.0,35638.0,13854720.1187
654,1624047000000,35638.0,35655.0,35562.0,35622.0,7075634.2561
655,1624047300000,35622.0,35767.0,35622.0,35766.0,13134894.5151
656,1624047600000,35766.0,35836.0,35747.0,35813.0,19976963.8255
657,1624047900000,35813.0,35814.0,35681.0,35700.0,6774840.9593
658,1624048200000,35700.0,35712.0,35542.0,35548.0,9176267.0505
659,1624048500000,35548.0,35554.0,35344.0,35430.0,17676164.2511
660,1624048800000,35431.0,35504.0,35402.0,35430.0,6835963.8639
661,1624049100000,35430.0,35445.0,35357.0,35405.0,12859600.0989
662,1624049400000,35405.0,35460.0,35398.0,35421.0,6423153.5871
663,1624049700000,35421.0,35499.0,35414.0,35495.0,4038262.7043
664,1624050000000,35495.0,35681.0,35453.0,35677.0,8369779.7919
665,1624050300000,35677.0,35720.0,35542.0,35585.0,8257414.2902
666,1624050600000,35585.0,35585.0,35523.0,35585.0,4617078.4807
667,1624050900000,35585.0,35632.0,35429.0,35455.0,8741333.6483
668,1624051200000,35455.0,35500.0,35400.0,35404.0,6313555.8317
669,1624051500000,35404.0,35477.0,35367.0,35461.0,13732443.4832
670,1624051800000,35461.0,35533.0,35419.0,35486.0,4558407.1812
671,1624052100000,35486.0,35566.0,35467.0,35517.0,6337988.7535
672,1624052400000,35517.0,35641.0,35464.0,35620.0,4971405.297
673,1624052700000,35620.0,35687.0,35546.0,35573.0,13464314.8394
674,1624053000000,35573.0,35631.0,35541.0,35609.0,6912765.2288
675,1624053300000,35609.0,35675.0,35570.0,35646.0,6716772.7023
676,1624053600000,35646.0,35656.0,35553.0,35553.0,3372197.8277
677,1624053900000,35553.0,35564.0,35477.0,35489.0,8380035.5734
678,1624054200000,35489.0,35521.0,35424.0,35461.0,11134813.4175
679,1624054500000,35460.0,35527.0,35450.0,35494.0,10318915.5925
680,1624054800000,35494.0,35519.0,35412.0,35418.0,9107554.7004
681,1624055100000,35418.0,35453.0,35371.0,35434.0,8880525.5639
682,1624055400000,35434.0,35446.0,35313.0,35433.0,8390861.8352
683,1624055700000,35433.0,35477.0,35393.0,35413.0,2648505.591
684,1624056000000,35413.0,35497.0,35393.0,35469.0,5593043.7514
685,1624056300000,35469.0,35485.0,35384.0,35416.0,10089383.3488
686,1624056600000,35416.0,35550.0,35411.0,35540.0,5581869.6403
687,1624056900000,35540.0,35620.0,35523.0,35618.0,7310692.14
688,1624057200000,35618.0,35618.0,35515.0,35516.0,12653692.9477
689,1624057500000,35516.0,35528.0,35444.0,35461.0,6807503.6861
690,1624057800000,35461.0,35541.0,35443.0,35456.0,5113390.3612
691,1624058100000,35456.0,35471.0,35400.0,35405.0,4800359.9536
692,1624058400000,35405.0,35564.0,35376.0,35527.0,8805435.7045
693,1624058700000,35527.0,35689.0,35489.0,35650.0,13796687.8534
694,1624059000000,35650.0,35879.0,35608.0,35841.0,22199382.327
695,1624059300000,35840.0,35916.0,35802.0,35910.0,10816741.241
696,1624059600000,35910.0,35914.0,35807.0,35810.0,7050784.6616
697,1624059900000,35810.0,35834.0,35729.0,35729.0,5583107.1436
698,1624060200000,35729.0,35733.0,35566.0,35626.0,8120397.9486
699,1624060500000,35626.0,35814.0,35587.0,35814.0,10345698.5983
700,1624060800000,35814.0,35814.0,35635.0,35721.0,54616889.6591
701,1624061100000,35721.0,35844.0,35701.0,35812.0,9808182.6747
702,1624061400000,35812.0,35925.0,35767.0,35910.0,7454353.2422
703,1624061700000,35910.0,35917.0,35773.0,35826.0,8906731.224
704,1624062000000,35826.0,35827.0,35740.0,35747.0,9816820.202
705,1624062300000,35747.0,35828.0,35743.0,35811.0,7926634.2462
706,1624062600000,35811.0,35839.0,35719.0,35780.0,8148612.8638
707,1624062900000,35780.0,35876.0,35753.0,35818.0,4736283.4779
708,1624063200000,35818.0,35835.0,35760.0,35769.0,3253517.8795
709,1624063500000,35769.0,35826.0,35733.0,35746.0,4178358.7934
710,1624063800000,35746.0,35746.0,35648.0,35688.0,8813728.4048
711,1624064100000,35688.0,35748.0,35645.0,35735.0,7708332.981
712,1624064400000,35735.0,35960.0,35706.0,35942.0,13519586.5429
713,1624064700000,35942.0,35990.0,35906.0,35953.0,8120676.7581
714,1624065000000,35953.0,36176.0,35936.0,36161.0,20795934.4207
715,1624065300000,36161.0,36270.0,36110.0,36259.0,17086122.8263
716,1624065600000,36259.0,36268.0,36214.0,36256.0,7290003.7538
717,1624065900000,36256.0,36256.0,36100.0,36102.0,8102700.9689
718,1624066200000,36102.0,36162.0,36080.0,36132.0,4417723.5416
719,1624066500000,36132.0,36132.0,36050.0,36073.0,3669748.1915
720,1624066800000,36073.0,36086.0,35990.0,36030.0,4861846.8854
721,1624067100000,36030.0,36106.0,36029.0,36105.0,3938728.9921
722,1624067400000,36105.0,36187.0,36082.0,36143.0,5664751.1196
723,1624067700000,36143.0,36147.0,36082.0,36098.0,3108179.2055
724,1624068000000,36098.0,36209.0,36050.0,36050.0,5507442.4766
725,1624068300000,36050.0,36114.0,36018.0,36029.0,3114926.7427
726,1624068600000,36029.0,36060.0,36010.0,36034.0,4158200.6249
727,1624068900000,36034.0,36044.0,35905.0,35923.0,8672659.6165
728,1624069200000,35923.0,35930.0,35865.0,35898.0,6799988.684
729,1624069500000,35898.0,35959.0,35897.0,35928.0,4520959.9649
730,1624069800000,35928.0,35950.0,35603.0,35660.0,22653512.9382
731,1624070100000,35660.0,35668.0,35517.0,35579.0,18091719.859
732,1624070400000,35579.0,35647.0,35522.0,35590.0,4235632.642
733,1624070700000,35590.0,35651.0,35440.0,35451.0,10177522.6376
734,1624071000000,35451.0,35548.0,35415.0,35467.0,9956799.1077
735,1624071300000,35467.0,35490.0,35448.0,35490.0,6357019.6836
736,1624071600000,35490.0,35550.0,35328.0,35411.0,10936304.8946
737,1624071900000,35411.0,35422.0,35313.0,35384.0,13916367.6008
738,1624072200000,35384.0,35431.0,35329.0,35393.0,7168587.8068
739,1624072500000,35393.0,35437.0,35336.0,35398.0,4504492.3543
740,1624072800000,35398.0,35408.0,35280.0,35340.0,8008965.9018
741,1624073100000,35340.0,35379.0,34759.0,34973.0,62503105.5648
742,1624073400000,34973.0,35246.0,34894.0,35218.0,35918595.7206
743,1624073700000,35218.0,35309.0,35113.0,35147.0,9664798.0824
744,1624074000000,35142.0,35227.0,34926.0,35003.0,12666542.2393
745,1624074300000,35007.0,35100.0,34825.0,34970.0,16141676.186
746,1624074600000,34970.0,35094.0,34866.0,35031.0,11408451.2868
747,1624074900000,35031.0,35145.0,34958.0,35096.0,11427204.9646
748,1624075200000,35096.0,35206.0,35041.0,35056.0,16364581.6699
749,1624075500000,35052.0,35135.0,35000.0,35117.0,8240552.5748
750,1624075800000,35117.0,35118.0,34997.0,35025.0,7351120.9983
751,1624076100000,35025.0,35029.0,34933.0,34947.0,9385188.5831
752,1624076400000,34947.0,35070.0,34947.0,35019.0,7033124.5825
753,1624076700000,35019.0,35278.0,35005.0,35253.0,13522566.7336
754,1624077000000,35246.0,35560.0,35242.0,35387.0,27298572.1525
755,1624077300000,35387.0,35387.0,35100.0,35187.0,20211095.9424
756,1624077600000,35187.0,35265.0,35145.0,35240.0,10696319.3283
757,1624077900000,35240.0,35243.0,35071.0,35077.0,10885453.9961
758,1624078200000,35077.0,35137.0,34979.0,35136.0,8937951.9972
759,1624078500000,35136.0,35198.0,35066.0,35170.0,7687304.8132
760,1624078800000,35170.0,35311.0,35170.0,35293.0,13116211.693
761,1624079100000,35293.0,35351.0,35219.0,35330.0,6574834.7305
762,1624079400000,35330.0,35374.0,35259.0,35370.0,4858411.3886
763,1624079700000,35370.0,35371.0,35284.0,35352.0,5501064.2654
764,1624080000000,35352.0,35444.0,35343.0,35422.0,4596891.4491
765,1624080300000,35422.0,35459.0,35339.0,35383.0,9449267.0634
766,1624080600000,35383.0,35566.0,35380.0,35538.0,37381009.2423
767,1624080900000,35538.0,35548.0,35480.0,35499.0,19327684.7838
768,1624081200000,35499.0,35534.0,35382.0,35383.0,13897946.3545
769,1624081500000,35386.0,35460.0,35334.0,35344.0,4123369.2483
770,1624081800000,35344.0,35423.0,35277.0,35366.0,9332644.2402
771,1624082100000,35366.0,35570.0,35365.0,35513.0,15791481.3179
772,1624082400000,35513.0,35670.0,35440.0,35573.0,15029396.8051
773,1624082700000,35573.0,35663.0,35551.0,35597.0,9162741.3639
774,1624083000000,35597.0,35632.0,35544.0,35544.0,4788344.196
775,1624083300000,35544.0,35631.0,35503.0,35503.0,8382569.8142
776,1624083600000,35503.0,35593.0,35482.0,35526.0,6946621.3827
777,1624083900000,35526.0,35629.0,35526.0,35578.0,4190398.266
778,1624084200000,35578.0,35750.0,35576.0,35640.0,34059196.1955
779,1624084500000,35640.0,35709.0,35615.0,35676.0,15734820.3549
780,1624084800000,35676.0,35817.0,35676.0,35695.0,16020233.5584
781,1624085100000,35695.0,35728.0,35655.0,35656.0,15887951.2852
782,1624085400000,35656.0,35688.0,35615.0,35669.0,8698337.9728
783,1624085700000,35669.0,35874.0,35660.0,35780.0,39322361.772
784,1624086000000,35780.0,35844.0,35720.0,35725.0,18634414.3131
785,1624086300000,35725.0,35757.0,35680.0,35689.0,27853368.7308
786,1624086600000,35689.0,35713.0,35631.0,35648.0,14201320.9613
787,1624086900000,35648.0,35666.0,35494.0,35538.0,17641884.0054
788,1624087200000,35538.0,35589.0,35444.0,35485.0,9900463.8529
789,1624087500000,35485.0,35533.0,35485.0,35509.0,10054885.216
790,1624087800000,35509.0,35640.0,35509.0,35587.0,8042994.0564
791,1624088100000,35587.0,35735.0,35586.0,35690.0,8315113.9411
792,1624088400000,35690.0,35762.0,35658.0,35724.0,9851063.1969
793,1624088700000,35724.0,35800.0,35723.0,35723.0,8464641.6405
794,1624089000000,35723.0,35749.0,35630.0,35730.0,9235317.0441
795,1624089300000,35730.0,35793.0,35730.0,35784.0,3492204.1205
796,1624089600000,35784.0,35790.0,35661.0,35715.0,10321004.9721
797,1624089900000,35715.0,35828.0,35635.0,35649.0,15365449.279
798,1624090200000,35649.0,35679.0,35589.0,35619.0,6371896.4299
799,1624090500000,35619.0,35734.0,35590.0,35724.0,5216226.7532
800,1624090800000,35724.0,35767.0,35661.0,35690.0,7927352.3656
801,1624091100000,35690.0,35729.0,35690.0,35727.0,3800554.0899
802,1624091400000,35727.0,35966.0,35726.0,35862.0,15163214.9726
803,1624091700000,35862.0,35870.0,35778.0,35811.0,6752666.0594
804,1624092000000,35811.0,35952.0,35810.0,35900.0,11331955.9344
805,1624092300000,35900.0,35912.0,35838.0,35871.0,6056092.0688
806,1624092600000,35871.0,35878.0,35816.0,35832.0,4358088.0842
807,1624092900000,35832.0,35845.0,35775.0,35797.0,5216620.0829
808,1624093200000,35797.0,35841.0,35770.0,35782.0,10073867.4132
809,1624093500000,35782.0,35917.0,35769.0,35877.0,14587835.1476
810,1624093800000,35877.0,35899.0,35791.0,35801.0,6451456.1759
811,1624094100000,35801.0,35816.0,35696.0,35735.0,8213500.0579
812,1624094400000,35735.0,35743.0,35691.0,35715.0,3636842.9802
813,1624094700000,35715.0,35769.0,35702.0,35703.0,5614768.9892
814,1624095000000,35703.0,35745.0,35686.0,35722.0,4774471.0085
815,1624095300000,35722.0,35834.0,35722.0,35834.0,4783065.4273
816,1624095600000,35834.0,35904.0,35750.0,35751.0,14501018.3358
817,1624095900000,35751.0,35809.0,35614.0,35625.0,9106456.4362
818,1624096200000,35625.0,35666.0,35561.0,35589.0,11284666.7868
819,1624096500000,35589.0,35653.0,35563.0,35644.0,6132909.9748
820,1624096800000,35644.0,35687.0,35575.0,35581.0,8326025.5491
821,1624097100000,35581.0,35651.0,35570.0,35633.0,6170554.7917
822,1624097400000,35633.0,35696.0,35621.0,35642.0,4210471.9957
823,1624097700000,35642.0,35646.0,35556.0,35561.0,10415742.228
824,1624098000000,35561.0,35637.0,35561.0,35611.0,7734841.8897
825,1624098300000,35611.0,35757.0,35611.0,35736.0,7913496.3053
826,1624098600000,35736.0,35902.0,35672.0,35672.0,22082818.6302
827,1624098900000,35672.0,35816.0,35599.0,35792.0,43649923.9231
828,1624099200000,35792.0,35826.0,35735.0,35777.0,12238582.9849
829,1624099500000,35777.0,35849.0,35777.0,35848.0,12896212.4091
830,1624099800000,35848.0,35877.0,35765.0,35771.0,7588133.1462
831,1624100100000,35771.0,35772.0,35698.0,35705.0,15848332.4442
832,1624100400000,35705.0,35822.0,35704.0,35792.0,15026260.7065
833,1624100700000,35792.0,35826.0,35735.0,35805.0,5911067.6814
834,1624101000000,35805.0,35920.0,35805.0,35909.0,17243196.7799
835,1624101300000,35909.0,35915.0,35796.0,35805.0,13289099.6613
836,1624101600000,35805.0,35856.0,35805.0,35845.0,3081809.2393
837,1624101900000,35845.0,35900.0,35845.0,35900.0,7720780.6322
838,1624102200000,35900.0,35999.0,35852.0,35858.0,21872849.9379
839,1624102500000,35858.0,35884.0,35809.0,35809.0,6821889.5098
840,1624102800000,35809.0,35862.0,35806.0,35831.0,4882518.6697
841,1624103100000,35831.0,35940.0,35810.0,35919.0,13757022.2443
842,1624103400000,35919.0,35928.0,35890.0,35898.0,2367535.5241
843,1624103700000,35898.0,35969.0,35890.0,35939.0,7674738.955
844,1624104000000,35939.0,36005.0,35808.0,35970.0,28836706.7975
845,1624104300000,35970.0,36175.0,35970.0,36111.0,40644790.2435
846,1624104600000,36111.0,36212.0,36097.0,36177.0,14355125.6137
847,1624104900000,36177.0,36444.0,36177.0,36300.0,56040564.5455
848,1624105200000,36300.0,36301.0,36187.0,36216.0,13285825.4052
849,1624105500000,36216.0,36241.0,36137.0,36149.0,7847597.2781
850,1624105800000,36149.0,36200.0,36050.0,36075.0,13715073.3676
851,1624106100000,36075.0,36143.0,36048.0,36061.0,9342806.9482
852,1624106400000,36061.0,36069.0,35910.0,35952.0,13487874.4166
853,1624106700000,35952.0,35976.0,35719.0,35767.0,18665068.2891
854,1624107000000,35767.0,35772.0,35619.0,35695.0,21607158.3418
855,1624107300000,35695.0,35750.0,35643.0,35739.0,19554636.1766
856,1624107600000,35739.0,35796.0,35548.0,35567.0,19132226.5095
857,1624107900000,35565.0,35680.0,35534.0,35677.0,12006620.5521
858,1624108200000,35677.0,35754.0,35652.0,35735.0,16887399.6267
859,1624108500000,35735.0,35856.0,35735.0,35784.0,9413789.3602
860,1624108800000,35784.0,35798.0,35715.0,35757.0,8495757.2437
861,1624109100000,35757.0,35846.0,35757.0,35841.0,6721058.9753
862,1624109400000,35841.0,35898.0,35777.0,35813.0,7292275.2919
863,1624109700000,35813.0,35863.0,35797.0,35811.0,3863342.5921
864,1624110000000,35811.0,35833.0,35762.0,35770.0,5126666.8217
865,1624110300000,35770.0,35848.0,35767.0,35805.0,6373798.4298
866,1624110600000,35805.0,35819.0,35726.0,35743.0,3059712.2563
867,1624110900000,35743.0,35781.0,35675.0,35767.0,4323880.2228
868,1624111200000,35767.0,35878.0,35767.0,35861.0,6240596.0579
869,1624111500000,35861.0,35960.0,35838.0,35854.0,10060514.9295
870,1624111800000,35854.0,35890.0,35821.0,35853.0,3824542.5729
871,1624112100000,35853.0,35942.0,35853.0,35913.0,3099586.8852
872,1624112400000,35913.0,36068.0,35911.0,36002.0,10818903.8166
873,1624112700000,36002.0,36032.0,35974.0,36023.0,3571695.5021
874,1624113000000,36023.0,36266.0,36023.0,36200.0,20250773.1425
875,1624113300000,36200.0,36289.0,36140.0,36241.0,12648916.04
876,1624113600000,36241.0,36241.0,36142.0,36206.0,7293028.4965
877,1624113900000,36206.0,36240.0,35934.0,35957.0,15895936.8833
878,1624114200000,35957.0,36084.0,35957.0,36084.0,6435757.643
879,1624114500000,36083.0,36236.0,36017.0,36236.0,11043393.5001
880,1624114800000,36236.0,36357.0,36156.0,36170.0,19565974.0767
881,1624115100000,36170.0,36207.0,36084.0,36103.0,9456104.2109
882,1624115400000,36103.0,36225.0,36103.0,36216.0,7592866.2786
883,1624115700000,36216.0,36216.0,36125.0,36143.0,6326209.401
884,1624116000000,36143.0,36170.0,36025.0,36110.0,12901174.7246
885,1624116300000,36110.0,36125.0,36030.0,36058.0,7718518.3638
886,1624116600000,36058.0,36059.0,35970.0,36002.0,8784918.1559
887,1624116900000,36002.0,36002.0,35860.0,35881.0,17395782.0599
888,1624117200000,35881.0,35960.0,35874.0,35918.0,6694929.3735
889,1624117500000,35918.0,35983.0,35888.0,35965.0,4744738.6269
890,1624117800000,35965.0,36050.0,35937.0,36019.0,21742574.8685
891,1624118100000,36019.0,36164.0,35989.0,36118.0,12785726.2364
892,1624118400000,36118.0,36222.0,36000.0,36037.0,18603308.4494
893,1624118700000,36037.0,36069.0,35952.0,35980.0,5420502.6331
894,1624119000000,35980.0,36030.0,35929.0,35964.0,5638693.9096
895,1624119300000,35964.0,36032.0,35819.0,35849.0,7818337.8174
896,1624119600000,35849.0,35916.0,35778.0,35903.0,18093943.6284
897,1624119900000,35903.0,35905.0,35818.0,35837.0,4621798.4125
898,1624120200000,35837.0,35977.0,35837.0,35940.0,5648764.4714
899,1624120500000,35940.0,35999.0,35932.0,35965.0,3673113.9181
900,1624120800000,35965.0,35965.0,35877.0,35900.0,6059796.8512
901,1624121100000,35900.0,35979.0,35788.0,35839.0,10701115.4733
902,1624121400000,35839.0,35957.0,35835.0,35937.0,3159181.5881
903,1624121700000,35937.0,35944.0,35883.0,35889.0,4645623.0522
904,1624122000000,35889.0,35924.0,35789.0,35801.0,4817750.6107
905,1624122300000,35801.0,35804.0,35710.0,35725.0,10200043.3308
906,1624122600000,35725.0,35737.0,35625.0,35649.0,20334113.717
907,1624122900000,35649.0,35711.0,35632.0,35703.0,14045113.2138
908,1624123200000,35703.0,35778.0,35698.0,35743.0,8055858.4789
909,1624123500000,35743.0,35818.0,35708.0,35760.0,6088827.7705
910,1624123800000,35760.0,35874.0,35733.0,35843.0,7651539.2155
911,1624124100000,35843.0,35843.0,35752.0,35787.0,6366063.7785
912,1624124400000,35787.0,35793.0,35720.0,35769.0,5082242.2653
913,1624124700000,35769.0,35770.0,35694.0,35700.0,4925606.2716
914,1624125000000,35700.0,35779.0,35699.0,35775.0,2415105.0235
915,1624125300000,35775.0,35857.0,35730.0,35757.0,6082242.3821
916,1624125600000,35757.0,35764.0,35537.0,35557.0,27185166.1963
917,1624125900000,35570.0,35691.0,35537.0,35608.0,13665290.3087
918,1624126200000,35608.0,35682.0,35589.0,35677.0,3868522.8425
919,1624126500000,35677.0,35686.0,35384.0,35492.0,23111874.2334
920,1624126800000,35492.0,35557.0,35449.0,35530.0,7029694.7459
921,1624127100000,35530.0,35566.0,35496.0,35525.0,2908672.0936
922,1624127400000,35525.0,35525.0,35351.0,35448.0,10443154.9336
923,1624127700000,35448.0,35487.0,35364.0,35402.0,5578095.2177
924,1624128000000,35402.0,35466.0,35371.0,35436.0,3625509.0621
925,1624128300000,35436.0,35520.0,35432.0,35509.0,8768773.3762
926,1624128600000,35509.0,35700.0,35490.0,35570.0,12892574.9842
927,1624128900000,35570.0,35575.0,35485.0,35504.0,4340065.6073
928,1624129200000,35504.0,35586.0,35490.0,35570.0,4294479.4541
929,1624129500000,35570.0,35592.0,35492.0,35550.0,3596321.5829
930,1624129800000,35549.0,35557.0,35491.0,35539.0,3194732.1281
931,1624130100000,35539.0,35634.0,35533.0,35604.0,5158117.697
932,1624130400000,35604.0,36040.0,35604.0,35934.0,34928802.6986
933,1624130700000,35934.0,36029.0,35874.0,35876.0,15879822.1503
934,1624131000000,35875.0,35879.0,35701.0,35721.0,13989628.5996
935,1624131300000,35721.0,35878.0,35716.0,35832.0,6095296.833
936,1624131600000,35832.0,35883.0,35780.0,35846.0,4880981.058
937,1624131900000,35846.0,35871.0,35750.0,35776.0,5677331.9934
938,1624132200000,35776.0,35813.0,35768.0,35783.0,7757485.5896
939,1624132500000,35783.0,35966.0,35782.0,35937.0,6404810.6636
940,1624132800000,35937.0,36032.0,35911.0,35928.0,18923453.5102
941,1624133100000,35929.0,35959.0,35867.0,35947.0,7951533.0287
942,1624133400000,35947.0,35984.0,35895.0,35918.0,5427282.5956
943,1624133700000,35918.0,35919.0,35837.0,35868.0,5318947.3307
944,1624134000000,35868.0,35940.0,35864.0,35876.0,2498805.7251
945,1624134300000,35876.0,35880.0,35713.0,35809.0,18379740.5113
946,1624134600000,35809.0,35831.0,35739.0,35786.0,7459122.0934
947,1624134900000,35786.0,35871.0,35763.0,35862.0,4441791.0712
948,1624135200000,35862.0,35929.0,35862.0,35901.0,2686597.4939
949,1624135500000,35901.0,36147.0,35895.0,36100.0,16910189.3511
950,1624135800000,36100.0,36175.0,36048.0,36114.0,10738233.1939
951,1624136100000,36114.0,36186.0,36093.0,36096.0,6901683.7558
952,1624136400000,36096.0,36122.0,36056.0,36069.0,8010440.9774
953,1624136700000,36069.0,36147.0,36046.0,36089.0,4607767.4146
954,1624137000000,36089.0,36090.0,36036.0,36071.0,3490483.9544
955,1624137300000,36071.0,36071.0,36010.0,36010.0,5194500.9283
956,1624137600000,36010.0,36079.0,35984.0,36034.0,5949477.523
957,1624137900000,36034.0,36041.0,35958.0,36030.0,2885221.3681
958,1624138200000,36030.0,36030.0,35971.0,36004.0,1788381.8201
959,1624138500000,36004.0,36006.0,35984.0,35984.0,2657959.241
960,1624138800000,35984.0,35985.0,35848.0,35909.0,10188864.136
961,1624139100000,35909.0,36000.0,35865.0,35970.0,3837610.2463
962,1624139400000,35970.0,36024.0,35935.0,35935.0,5445438.4394
963,1624139700000,35935.0,35959.0,35838.0,35854.0,3190333.6115
964,1624140000000,35854.0,35883.0,35761.0,35799.0,5438975.7088
965,1624140300000,35799.0,35799.0,35719.0,35719.0,3095125.7645
966,1624140600000,35719.0,35739.0,35608.0,35688.0,17945398.3841
967,1624140900000,35688.0,35755.0,35656.0,35716.0,5919499.7223
968,1624141200000,35716.0,35720.0,35583.0,35646.0,6981815.9706
969,1624141500000,35646.0,35709.0,35597.0,35700.0,4555144.6958
970,1624141800000,35700.0,35707.0,35584.0,35661.0,5170898.2381
971,1624142100000,35661.0,35697.0,35617.0,35692.0,2888341.1497
972,1624142400000,35692.0,35693.0,35614.0,35621.0,3935864.9331
973,1624142700000,35621.0,35627.0,35503.0,35607.0,10493276.7737
974,1624143000000,35607.0,35673.0,35579.0,35586.0,3514222.7888
975,1624143300000,35586.0,35605.0,35522.0,35556.0,3867645.3088
976,1624143600000,35556.0,35562.0,35433.0,35514.0,10216426.6718
977,1624143900000,35514.0,35577.0,35480.0,35548.0,5444501.7915
978,1624144200000,35548.0,35600.0,35482.0,35568.0,5648260.3738
979,1624144500000,35568.0,35852.0,35538.0,35765.0,32779280.7052
980,1624144800000,35765.0,35779.0,35705.0,35713.0,4729965.4969
981,1624145100000,35713.0,35713.0,35606.0,35634.0,3857380.8406
982,1624145400000,35634.0,35647.0,35484.0,35484.0,5262092.1454
983,1624145700000,35484.0,35567.0,35431.0,35558.0,6422931.84
984,1624146000000,35558.0,35558.0,35450.0,35527.0,4240101.8253
985,1624146300000,35527.0,35527.0,35383.0,35492.0,8472702.8123
986,1624146600000,35492.0,35641.0,35471.0,35609.0,5588491.4065
987,1624146900000,35609.0,35609.0,35483.0,35484.0,9843992.0341
988,1624147200000,35484.0,35660.0,35376.0,35587.0,31206135.9276
989,1624147500000,35587.0,35617.0,35206.0,35341.0,26739760.4019
990,1624147800000,35341.0,35489.0,35315.0,35480.0,19451188.6206
991,1624148100000,35480.0,35481.0,35207.0,35285.0,13724145.6497
992,1624148400000,35285.0,35336.0,35240.0,35240.0,8144175.7705
993,1624148700000,35240.0,35258.0,35109.0,35208.0,10077691.4211
994,1624149000000,35208.0,35341.0,35186.0,35296.0,6826933.7209
995,1624149300000,35296.0,35379.0,35275.0,35327.0,5896264.1346
996,1624149600000,35327.0,35347.0,35276.0,35313.0,2616894.0827
997,1624149900000,35313.0,35388.0,35201.0,35359.0,4706883.1718
998,1624150200000,35359.0,35408.0,35339.0,35381.0,6163854.6386
999,1624150500000,35381.0,35383.0,35308.0,35371.0,6220081.9937
1000,1624150800000,35371.0,35702.0,35330.0,35586.0,18126620.4906
1001,1624151100000,35586.0,35643.0,35553.0,35558.0,4354353.8
1002,1624151400000,35558.0,35588.0,35518.0,35543.0,4413913.1003
1003,1624151700000,35543.0,35650.0,35525.0,35612.0,3270960.4157
1004,1624152000000,35612.0,35754.0,35600.0,35752.0,5105271.6838
1005,1624152300000,35752.0,35753.0,35656.0,35659.0,4690349.5476
1006,1624152600000,35659.0,35720.0,35658.0,35660.0,2931462.7277
1007,1624152900000,35660.0,35798.0,35660.0,35707.0,5799117.7957
1008,1624153200000,35707.0,35733.0,35679.0,35724.0,2727842.5479
1009,1624153500000,35724.0,35732.0,35651.0,35699.0,2907903.7584
1010,1624153800000,35699.0,35710.0,35603.0,35624.0,2711528.1172
1011,1624154100000,35624.0,35678.0,35621.0,35641.0,2734566.1535
1012,1624154400000,35641.0,35641.0,35539.0,35565.0,6596955.5313
1013,1624154700000,35565.0,35572.0,35457.0,35491.0,5771254.5762
1014,1624155000000,35491.0,35532.0,35476.0,35500.0,2439294.3431
1015,1624155300000,35500.0,35500.0,35376.0,35381.0,3694636.0664
1016,1624155600000,35381.0,35433.0,35364.0,35424.0,3275904.3759
1017,1624155900000,35424.0,35424.0,35310.0,35322.0,3796678.7434
1018,1624156200000,35322.0,35405.0,35286.0,35405.0,3323551.1255
1019,1624156500000,35405.0,35450.0,35375.0,35412.0,3915322.403
1020,1624156800000,35412.0,35425.0,35288.0,35330.0,9253163.6295
1021,1624157100000,35330.0,35410.0,35308.0,35404.0,5386877.1731
1022,1624157400000,35404.0,35630.0,35384.0,35580.0,11103107.6128
1023,1624157700000,35580.0,35638.0,35543.0,35596.0,5755690.6235
1024,1624158000000,35596.0,35601.0,35456.0,35473.0,6107804.9521
1025,1624158300000,35473.0,35751.0,35473.0,35701.0,12234905.6245
1026,1624158600000,35701.0,35701.0,35610.0,35637.0,5653472.915
1027,1624158900000,35637.0,35644.0,35566.0,35566.0,2646846.7841
1028,1624159200000,35566.0,35651.0,35564.0,35595.0,3351048.2484
1029,1624159500000,35595.0,35695.0,35595.0,35659.0,2776523.1261
1030,1624159800000,35659.0,35659.0,35575.0,35591.0,2315761.7093
1031,1624160100000,35591.0,35621.0,35563.0,35585.0,3035912.4253
1032,1624160400000,35585.0,35715.0,35584.0,35679.0,8515012.9722
1033,1624160700000,35679.0,35779.0,35639.0,35640.0,9179499.0456
1034,1624161000000,35640.0,35662.0,35616.0,35619.0,2121043.0836
1035,1624161300000,35619.0,35620.0,35504.0,35522.0,16238143.5073
1036,1624161600000,35522.0,35522.0,35444.0,35500.0,8012634.7643
1037,1624161900000,35500.0,35677.0,35482.0,35635.0,9762915.4157
1038,1624162200000,35635.0,35652.0,35589.0,35614.0,4140831.8693
1039,1624162500000,35614.0,35739.0,35549.0,35716.0,6675962.6768
1040,1624162800000,35716.0,35716.0,35640.0,35642.0,2128884.168
1041,1624163100000,35642.0,35664.0,35610.0,35659.0,6986229.271
1042,1624163400000,35659.0,35758.0,35659.0,35723.0,3534745.9088
1043,1624163700000,35723.0,35887.0,35723.0,35775.0,19127274.4707
1044,1624164000000,35775.0,35851.0,35761.0,35776.0,6609417.7941
1045,1624164300000,35776.0,35778.0,35709.0,35764.0,9153147.0624
1046,1624164600000,35764.0,35824.0,35741.0,35815.0,3633719.8367
1047,1624164900000,35815.0,35878.0,35789.0,35801.0,5441578.9128
1048,1624165200000,35801.0,35805.0,35743.0,35790.0,3374562.834
1049,1624165500000,35790.0,35863.0,35783.0,35841.0,4516880.1672
1050,1624165800000,35841.0,35854.0,35803.0,35810.0,1779497.8101
1051,1624166100000,35810.0,35885.0,35788.0,35873.0,3338088.1963
1052,1624166400000,35873.0,35928.0,35818.0,35830.0,5674349.5544
1053,1624166700000,35830.0,35852.0,35744.0,35748.0,4717143.6799
1054,1624167000000,35748.0,35770.0,35700.0,35744.0,5760754.0635
1055,1624167300000,35744.0,35842.0,35744.0,35829.0,3213161.482
1056,1624167600000,35829.0,35830.0,35725.0,35766.0,3984922.4923
1057,1624167900000,35766.0,35796.0,35718.0,35735.0,1961610.8069
1058,1624168200000,35735.0,35756.0,35714.0,35738.0,2161083.5578
1059,1624168500000,35738.0,35786.0,35721.0,35722.0,1929965.4221
1060,1624168800000,35722.0,35751.0,35632.0,35668.0,6182274.3682
1061,1624169100000,35668.0,35700.0,35606.0,35613.0,3633522.7016
1062,1624169400000,35613.0,35662.0,35590.0,35650.0,3644893.6255
1063,1624169700000,35650.0,35650.0,35515.0,35559.0,6182023.6301
1064,1624170000000,35559.0,35592.0,35536.0,35569.0,4538479.7268
1065,1624170300000,35569.0,35639.0,35564.0,35617.0,2516281.6145
1066,1624170600000,35617.0,35648.0,35589.0,35617.0,2257059.9687
1067,1624170900000,35617.0,35718.0,35617.0,35684.0,4647928.7974
1068,1624171200000,35684.0,35699.0,35625.0,35632.0,2428556.3176
1069,1624171500000,35632.0,35655.0,35550.0,35554.0,3701077.9143
1070,1624171800000,35554.0,35571.0,35470.0,35516.0,7566403.5328
1071,1624172100000,35516.0,35545.0,35481.0,35498.0,7353982.256
1072,1624172400000,35498.0,35590.0,35475.0,35519.0,8782858.3913
1073,1624172700000,35519.0,35520.0,35433.0,35459.0,6669934.7565
1074,1624173000000,35459.0,35496.0,35402.0,35436.0,5580506.2574
1075,1624173300000,35436.0,35519.0,35431.0,35446.0,5053974.2313
1076,1624173600000,35446.0,35447.0,35355.0,35379.0,9480489.2771
1077,1624173900000,35379.0,35439.0,35379.0,35402.0,4037639.0851
1078,1624174200000,35402.0,35520.0,35397.0,35493.0,7080686.8945
1079,1624174500000,35493.0,35493.0,35414.0,35422.0,3942672.747
1080,1624174800000,35422.0,35448.0,35394.0,35407.0,3399861.2286
1081,1624175100000,35407.0,35658.0,35396.0,35564.0,9131326.0566
1082,1624175400000,35564.0,35605.0,35533.0,35586.0,3571316.6409
1083,1624175700000,35586.0,35650.0,35583.0,35613.0,7859368.6593
1084,1624176000000,35613.0,35646.0,35509.0,35555.0,6785922.6386
1085,1624176300000,35555.0,35682.0,35555.0,35646.0,11558368.107
1086,1624176600000,35646.0,35658.0,35578.0,35589.0,4044915.0598
1087,1624176900000,35589.0,35589.0,35537.0,35558.0,2037777.67
1088,1624177200000,35558.0,35599.0,35443.0,35449.0,9902304.2915
1089,1624177500000,35449.0,35486.0,35425.0,35480.0,11506821.5852
1090,1624177800000,35480.0,35480.0,35408.0,35467.0,7042573.5961
1091,1624178100000,35467.0,35482.0,35351.0,35360.0,13992704.7315
1092,1624178400000,35360.0,35411.0,35302.0,35336.0,24307916.3793
1093,1624178700000,35336.0,35350.0,35250.0,35288.0,21967666.3767
1094,1624179000000,35288.0,35339.0,35272.0,35309.0,4749575.2316
1095,1624179300000,35309.0,35388.0,35300.0,35314.0,13533915.0771
1096,1624179600000,35314.0,35357.0,35280.0,35338.0,9170894.7791
1097,1624179900000,35338.0,35338.0,35061.0,35127.0,24717161.6602
1098,1624180200000,35127.0,35225.0,35119.0,35204.0,28853251.5362
1099,1624180500000,35204.0,35250.0,35167.0,35238.0,14466371.4916
1100,1624180800000,35238.0,35265.0,35218.0,35231.0,4461761.2224
1101,1624181100000,35231.0,35318.0,35231.0,35304.0,15908339.4984
1102,1624181400000,35304.0,35368.0,35249.0,35319.0,8353070.7103
1103,1624181700000,35319.0,35346.0,35262.0,35262.0,2387706.1432
1104,1624182000000,35262.0,35308.0,35218.0,35245.0,7846943.1765
1105,1624182300000,35245.0,35271.0,35218.0,35218.0,8480811.6582
1106,1624182600000,35218.0,35218.0,34877.0,34976.0,57144875.0276
1107,1624182900000,34976.0,34990.0,34869.0,34969.0,21759733.6394
1108,1624183200000,34969.0,34990.0,34857.0,34863.0,13292941.7469
1109,1624183500000,34863.0,34866.0,34174.0,34414.0,114233565.1175
1110,1624183800000,34414.0,34495.0,34112.0,34368.0,69449518.7962
1111,1624184100000,34368.0,34390.0,34234.0,34333.0,28904869.9948
1112,1624184400000,34333.0,34339.0,33745.0,33980.0,69463688.0649
1113,1624184700000,33978.0,34125.0,33666.0,34047.0,66859826.0045
1114,1624185000000,34047.0,34178.0,33889.0,34056.0,27455352.6911
1115,1624185300000,34056.0,34135.0,33990.0,34095.0,12041165.8094
1116,1624185600000,34105.0,34300.0,34099.0,34210.0,19876482.8945
1117,1624185900000,34209.0,34256.0,34062.0,34089.0,9193830.618
1118,1624186200000,34089.0,34132.0,33890.0,34062.0,15953625.6677
1119,1624186500000,34062.0,34108.0,33950.0,34063.0,7159613.6827
1120,1624186800000,34063.0,34088.0,33840.0,34077.0,20146941.729
1121,1624187100000,34077.0,34112.0,33971.0,34067.0,12350368.617
1122,1624187400000,34142.0,34270.0,34070.0,34162.0,25390729.0853
1123,1624187700000,34162.0,34162.0,33963.0,34038.0,19263515.5908
1124,1624188000000,34038.0,34075.0,33879.0,33914.0,10914901.4218
1125,1624188300000,33914.0,34025.0,33900.0,33941.0,9529179.8046
1126,1624188600000,33941.0,33941.0,33743.0,33795.0,20385644.2905
1127,1624188900000,33795.0,34032.0,33795.0,33911.0,20791508.251
1128,1624189200000,33911.0,34100.0,33911.0,33979.0,17176893.8838
1129,1624189500000,33979.0,34046.0,33810.0,33866.0,12509715.928
1130,1624189800000,33866.0,33936.0,33862.0,33924.0,6292270.1213
1131,1624190100000,33924.0,33963.0,33849.0,33855.0,5623600.8214
1132,1624190400000,33855.0,33981.0,33743.0,33756.0,41549961.6772
1133,1624190700000,33758.0,33759.0,33400.0,33565.0,103075345.7084
1134,1624191000000,33565.0,33685.0,33508.0,33562.0,51241508.9664
1135,1624191300000,33554.0,33653.0,33358.0,33424.0,42581146.1545
1136,1624191600000,33423.0,33463.0,33290.0,33371.0,61425558.2255
1137,1624191900000,33369.0,33470.0,33351.0,33437.0,23725703.1881
1138,1624192200000,33437.0,33667.0,33425.0,33612.0,30997850.6602
1139,1624192500000,33612.0,33687.0,33528.0,33577.0,23313846.8942
1140,1624192800000,33577.0,33650.0,33546.0,33585.0,28404087.8111
1141,1624193100000,33585.0,33738.0,33580.0,33718.0,50977376.1555
1142,1624193400000,33718.0,33941.0,33690.0,33936.0,35562981.3392
1143,1624193700000,33938.0,33938.0,33795.0,33891.0,22085386.3407
1144,1624194000000,33891.0,34068.0,33816.0,34045.0,20896577.5872
1145,1624194300000,34045.0,34181.0,34027.0,34098.0,23240060.5368
1146,1624194600000,34098.0,34101.0,34050.0,34093.0,10371441.2546
1147,1624194900000,34093.0,34094.0,33934.0,33977.0,12938082.4855
1148,1624195200000,33977.0,33977.0,33794.0,33899.0,16102991.7295
1149,1624195500000,33899.0,33905.0,33791.0,33847.0,10397275.7256
1150,1624195800000,33847.0,33999.0,33847.0,33876.0,9395045.9523
1151,1624196100000,33876.0,33991.0,33865.0,33981.0,6660033.6719
1152,1624196400000,33981.0,34046.0,33935.0,33972.0,6826805.432
1153,1624196700000,33972.0,34070.0,33950.0,34044.0,7640728.8821
1154,1624197000000,34044.0,34089.0,34001.0,34004.0,6803142.9858
1155,1624197300000,34004.0,34020.0,33819.0,33884.0,11237507.2501
1156,1624197600000,33884.0,33884.0,33661.0,33815.0,25412465.1624
1157,1624197900000,33815.0,34050.0,33808.0,34014.0,10109716.2176
1158,1624198200000,34014.0,34165.0,33982.0,34070.0,22344065.5171
1159,1624198500000,34070.0,34248.0,34041.0,34148.0,19454913.2685
1160,1624198800000,34148.0,34179.0,34110.0,34120.0,10248578.0844
1161,1624199100000,34120.0,34150.0,34074.0,34091.0,6838354.9129
1162,1624199400000,34091.0,34183.0,34064.0,34128.0,9065160.3082
1163,1624199700000,34128.0,34176.0,34093.0,34093.0,10288231.2414
1164,1624200000000,34093.0,34148.0,34088.0,34139.0,9255714.4379
1165,1624200300000,34139.0,34163.0,34055.0,34075.0,12421484.3359
1166,1624200600000,34075.0,34159.0,34063.0,34136.0,9119390.3734
1167,1624200900000,34136.0,34301.0,34111.0,34299.0,15658063.6837
1168,1624201200000,34299.0,34479.0,34285.0,34361.0,26134214.81
1169,1624201500000,34361.0,34432.0,34315.0,34398.0,7710696.1448
1170,1624201800000,34398.0,34469.0,34341.0,34408.0,12063830.4582
1171,1624202100000,34408.0,34538.0,34361.0,34533.0,15845563.8961
1172,1624202400000,34533.0,34534.0,34406.0,34415.0,9070606.2029
1173,1624202700000,34415.0,34489.0,34410.0,34488.0,7406669.8394
1174,1624203000000,34488.0,34624.0,34436.0,34586.0,11985553.8803
1175,1624203300000,34586.0,34624.0,34479.0,34491.0,10071086.6093
1176,1624203600000,34491.0,34518.0,34438.0,34439.0,8104353.7869
1177,1624203900000,34439.0,34513.0,34340.0,34358.0,10077229.5581
1178,1624204200000,34358.0,34422.0,34333.0,34384.0,5886174.2086
1179,1624204500000,34384.0,34456.0,34353.0,34389.0,5630201.6266
1180,1624204800000,34389.0,34548.0,34264.0,34339.0,28006579.8181
1181,1624205100000,34339.0,34455.0,34339.0,34439.0,8230849.4238
1182,1624205400000,34439.0,34582.0,34439.0,34513.0,14343190.1461
1183,1624205700000,34513.0,34593.0,34443.0,34579.0,12502437.271
1184,1624206000000,34579.0,34614.0,34512.0,34517.0,6506895.7535
1185,1624206300000,34517.0,34666.0,34517.0,34603.0,12264605.6808
1186,1624206600000,34603.0,34622.0,34535.0,34558.0,5242315.9438
1187,1624206900000,34558.0,34600.0,34479.0,34480.0,5093815.4918
1188,1624207200000,34480.0,34548.0,34464.0,34497.0,4550812.6408
1189,1624207500000,34497.0,34510.0,34406.0,34444.0,5126499.84
1190,1624207800000,34444.0,34520.0,34444.0,34460.0,3920737.8112
1191,1624208100000,34460.0,34593.0,34456.0,34549.0,4814372.6181
1192,1624208400000,34549.0,34598.0,34460.0,34479.0,6129846.6354
1193,1624208700000,34479.0,34558.0,34479.0,34543.0,3345089.4026
1194,1624209000000,34543.0,34666.0,34543.0,34637.0,6555276.4585
1195,1624209300000,34637.0,34759.0,34637.0,34693.0,18143380.6165
1196,1624209600000,34693.0,34728.0,34637.0,34646.0,5133467.0351
1197,1624209900000,34646.0,34722.0,34641.0,34702.0,4984138.4986
1198,1624210200000,34702.0,34768.0,34673.0,34696.0,9921625.7853
1199,1624210500000,34696.0,34725.0,34647.0,34662.0,5848739.7872
1200,1624210800000,34662.0,34677.0,34608.0,34627.0,6335258.721
1201,1624211100000,34627.0,34665.0,34570.0,34594.0,5894563.9159
1202,1624211400000,34594.0,34598.0,34407.0,34493.0,29137836.1686
1203,1624211700000,34493.0,34587.0,34491.0,34553.0,5784566.1071
1204,1624212000000,34553.0,34758.0,34552.0,34680.0,13820292.6629
1205,1624212300000,34680.0,34718.0,34594.0,34594.0,7744491.6549
1206,1624212600000,34594.0,34650.0,34576.0,34597.0,4391665.9784
1207,1624212900000,34597.0,34737.0,34597.0,34705.0,7163243.4459
1208,1624213200000,34705.0,34796.0,34696.0,34753.0,5092896.8376
1209,1624213500000,34753.0,34797.0,34704.0,34781.0,6670506.9455
1210,1624213800000,34781.0,34789.0,34733.0,34744.0,5129586.2365
1211,1624214100000,34744.0,34922.0,34732.0,34891.0,19239940.1782
1212,1624214400000,34891.0,34896.0,34829.0,34840.0,7891472.4851
1213,1624214700000,34841.0,34869.0,34808.0,34822.0,3539560.0259
1214,1624215000000,34822.0,34870.0,34797.0,34869.0,4568248.6456
1215,1624215300000,34869.0,34966.0,34843.0,34908.0,9794072.688
1216,1624215600000,34908.0,35150.0,34908.0,34929.0,20423365.6918
1217,1624215900000,34929.0,34955.0,34835.0,34836.0,7063308.6366
1218,1624216200000,34836.0,34888.0,34815.0,34881.0,6997256.5202
1219,1624216500000,34881.0,34990.0,34876.0,34973.0,5108135.5879
1220,1624216800000,34973.0,35039.0,34903.0,35039.0,7526217.2417
1221,1624217100000,35039.0,35148.0,34994.0,35093.0,11363976.0978
1222,1624217400000,35093.0,35400.0,35027.0,35308.0,25781404.7355
1223,1624217700000,35308.0,35646.0,35252.0,35477.0,42945148.2997
1224,1624218000000,35477.0,35541.0,35400.0,35467.0,18769632.1995
1225,1624218300000,35467.0,35527.0,35350.0,35403.0,9340007.4854
1226,1624218600000,35403.0,35409.0,35315.0,35358.0,7596455.0246
1227,1624218900000,35358.0,35486.0,35326.0,35468.0,9095470.1613
1228,1624219200000,35468.0,35555.0,35352.0,35388.0,10465327.0772
1229,1624219500000,35388.0,35593.0,35388.0,35570.0,15200771.2712
1230,1624219800000,35570.0,35899.0,35570.0,35789.0,35725562.0876
1231,1624220100000,35789.0,35984.0,35750.0,35757.0,18509350.0454
1232,1624220400000,35757.0,35887.0,35705.0,35858.0,11481905.0187
1233,1624220700000,35858.0,35947.0,35757.0,35902.0,14079825.7686
1234,1624221000000,35902.0,36145.0,35859.0,35902.0,21678407.4677
1235,1624221300000,35902.0,35920.0,35752.0,35799.0,10427681.5001
1236,1624221600000,35799.0,35906.0,35762.0,35816.0,8729166.7122
1237,1624221900000,35818.0,35924.0,35760.0,35770.0,9866400.66
1238,1624222200000,35770.0,35856.0,35723.0,35737.0,7470216.4153
1239,1624222500000,35737.0,35895.0,35730.0,35808.0,7406240.0148
1240,1624222800000,35808.0,35883.0,35735.0,35744.0,5898723.0298
1241,1624223100000,35744.0,35745.0,35539.0,35597.0,12484389.4248
1242,1624223400000,35597.0,35645.0,35520.0,35611.0,10423977.415
1243,1624223700000,35611.0,35709.0,35610.0,35650.0,4298556.1419
1244,1624224000000,35650.0,35680.0,35579.0,35679.0,4279873.9214
1245,1624224300000,35679.0,35763.0,35652.0,35718.0,5068334.3655
1246,1624224600000,35718.0,35838.0,35717.0,35778.0,4223718.7365
1247,1624224900000,35778.0,35778.0,35564.0,35670.0,8742500.7588
1248,1624225200000,35670.0,35696.0,35601.0,35644.0,3506763.9542
1249,1624225500000,35644.0,35680.0,35551.0,35568.0,4922148.4304
1250,1624225800000,35568.0,35598.0,35508.0,35584.0,5225733.8214
1251,1624226100000,35584.0,35586.0,35521.0,35532.0,3566556.2288
1252,1624226400000,35532.0,35670.0,35531.0,35589.0,6790606.9568
1253,1624226700000,35589.0,35649.0,35513.0,35549.0,7822104.2718
1254,1624227000000,35549.0,35576.0,35388.0,35454.0,11120189.1967
1255,1624227300000,35454.0,35594.0,35445.0,35567.0,6278772.2312
1256,1624227600000,35567.0,35568.0,35437.0,35462.0,4020715.4574
1257,1624227900000,35462.0,35548.0,35455.0,35498.0,4570982.6169
1258,1624228200000,35498.0,35704.0,35469.0,35593.0,12804381.4707
1259,1624228500000,35593.0,35731.0,35549.0,35684.0,7406134.3149
1260,1624228800000,35684.0,35729.0,35658.0,35683.0,4041590.5717
1261,1624229100000,35683.0,35778.0,35636.0,35636.0,9152236.3993
1262,1624229400000,35636.0,35727.0,35616.0,35707.0,3913387.7597
1263,1624229700000,35707.0,35734.0,35629.0,35635.0,5280829.3073
1264,1624230000000,35635.0,35680.0,35501.0,35517.0,5157456.3673
1265,1624230300000,35517.0,35585.0,35496.0,35541.0,5704329.4017
1266,1624230600000,35541.0,35697.0,35539.0,35662.0,6456730.4235
1267,1624230900000,35662.0,35716.0,35655.0,35655.0,3483323.8422
1268,1624231200000,35655.0,35690.0,35566.0,35593.0,4485740.8572
1269,1624231500000,35593.0,35677.0,35588.0,35593.0,5519733.5837
1270,1624231800000,35593.0,35691.0,35558.0,35629.0,6165153.9189
1271,1624232100000,35629.0,35631.0,35466.0,35493.0,5899102.6977
1272,1624232400000,35493.0,35544.0,35450.0,35526.0,4355209.9106
1273,1624232700000,35526.0,35680.0,35492.0,35658.0,6795142.5823
1274,1624233000000,35658.0,35707.0,35626.0,35627.0,6656053.155
1275,1624233300000,35627.0,35694.0,35570.0,35591.0,8639765.5415
1276,1624233600000,35591.0,35726.0,35497.0,35500.0,41100832.4876
1277,1624233900000,35500.0,35555.0,35342.0,35389.0,23341535.4164
1278,1624234200000,35389.0,35461.0,35349.0,35388.0,9906692.3153
1279,1624234500000,35388.0,35431.0,35221.0,35246.0,11922411.6761
1280,1624234800000,35246.0,35364.0,35233.0,35363.0,5244228.0562
1281,1624235100000,35363.0,35412.0,35325.0,35348.0,5597204.5678
1282,1624235400000,35348.0,35371.0,35275.0,35334.0,5036094.6371
1283,1624235700000,35334.0,35410.0,35324.0,35390.0,3814263.9348
1284,1624236000000,35390.0,35437.0,35362.0,35363.0,4265846.2404
1285,1624236300000,35363.0,35470.0,35337.0,35424.0,7228179.3718
1286,1624236600000,35424.0,35516.0,35405.0,35488.0,5319538.438
1287,1624236900000,35488.0,35584.0,35445.0,35559.0,6058459.3607
1288,1624237200000,35559.0,35628.0,35507.0,35509.0,4610844.4712
1289,1624237500000,35509.0,35510.0,35417.0,35433.0,3649747.7337
1290,1624237800000,35433.0,35452.0,35382.0,35395.0,3639168.5799
1291,1624238100000,35395.0,35395.0,35318.0,35319.0,6211488.9195
1292,1624238400000,35319.0,35425.0,35315.0,35342.0,3027760.3564
1293,1624238700000,35342.0,35443.0,35342.0,35364.0,2516874.5464
1294,1624239000000,35364.0,35473.0,35364.0,35444.0,1855058.8582
1295,1624239300000,35444.0,35448.0,35268.0,35277.0,4214986.309
1296,1624239600000,35277.0,35315.0,35209.0,35250.0,10408151.4246
1297,1624239900000,35250.0,35321.0,35235.0,35274.0,5092815.2383
1298,1624240200000,35274.0,35378.0,35274.0,35330.0,4118852.2245
1299,1624240500000,35330.0,35355.0,35245.0,35279.0,4213331.8141
1300,1624240800000,35279.0,35401.0,35279.0,35356.0,3849038.1594
1301,1624241100000,35356.0,35450.0,35356.0,35399.0,3109501.1164
1302,1624241400000,35399.0,35399.0,35273.0,35295.0,3535000.8012
1303,1624241700000,35295.0,35304.0,35192.0,35288.0,8133338.4638
1304,1624242000000,35288.0,35416.0,35276.0,35342.0,6888433.1638
1305,1624242300000,35342.0,35376.0,35199.0,35212.0,5878698.6616
1306,1624242600000,35212.0,35241.0,35073.0,35161.0,13290371.5039
1307,1624242900000,35161.0,35201.0,35081.0,35092.0,8849703.8916
1308,1624243200000,35092.0,35113.0,34950.0,34975.0,23003947.3975
1309,1624243500000,34975.0,34997.0,34887.0,34964.0,11018454.2999
1310,1624243800000,34964.0,35034.0,34941.0,35024.0,8215019.022
1311,1624244100000,35024.0,35149.0,35012.0,35138.0,5018334.5432
1312,1624244400000,35138.0,35138.0,35010.0,35054.0,12029280.4539
1313,1624244700000,35054.0,35075.0,34925.0,35008.0,6633983.0701
1314,1624245000000,35007.0,35066.0,34959.0,35053.0,4184531.2888
1315,1624245300000,35053.0,35090.0,34993.0,35059.0,4057896.5709
1316,1624245600000,35059.0,35095.0,35012.0,35016.0,2970110.6669
1317,1624245900000,35016.0,35067.0,34942.0,34998.0,4791833.1193
1318,1624246200000,34998.0,35059.0,34832.0,34871.0,10821888.1893
1319,1624246500000,34871.0,34906.0,34782.0,34831.0,9851019.6708
1320,1624246800000,34831.0,34831.0,34722.0,34767.0,12506908.9093
1321,1624247100000,34767.0,34819.0,34601.0,34674.0,22758425.2595
1322,1624247400000,34674.0,34745.0,34626.0,34698.0,13852617.5792
1323,1624247700000,34698.0,34750.0,34632.0,34641.0,9720834.0752
1324,1624248000000,34641.0,34714.0,34444.0,34473.0,25977033.6008
1325,1624248300000,34479.0,34519.0,34289.0,34292.0,24625323.1732
1326,1624248600000,34292.0,34415.0,34144.0,34189.0,30526081.1526
1327,1624248900000,34189.0,34319.0,34028.0,34171.0,34329106.1422
1328,1624249200000,34171.0,34285.0,34078.0,34251.0,18171332.7276
1329,1624249500000,34251.0,34276.0,34047.0,34152.0,20572333.6425
1330,1624249800000,34152.0,34251.0,34071.0,34155.0,12290839.2155
1331,1624250100000,34155.0,34210.0,33752.0,33923.0,47406626.1495
1332,1624250400000,33923.0,34016.0,33604.0,34005.0,36330749.9311
1333,1624250700000,34004.0,34131.0,33901.0,33960.0,27917473.3039
1334,1624251000000,33960.0,34028.0,33850.0,34016.0,11690894.0316
1335,1624251300000,34016.0,34251.0,34006.0,34228.0,20767538.8872
1336,1624251600000,34228.0,34377.0,34183.0,34309.0,32667147.708
1337,1624251900000,34309.0,34368.0,34211.0,34211.0,13294430.2934
1338,1624252200000,34211.0,34249.0,33819.0,33939.0,28275376.7196
1339,1624252500000,33939.0,34025.0,33776.0,33918.0,24609853.8322
1340,1624252800000,33918.0,34029.0,33826.0,33913.0,9233596.9256
1341,1624253100000,33913.0,34099.0,33891.0,34051.0,9377277.1018
1342,1624253400000,34051.0,34129.0,33985.0,34021.0,8902384.3083
1343,1624253700000,34021.0,34203.0,34021.0,34174.0,8487811.1449
1344,1624254000000,34174.0,34291.0,34141.0,34250.0,5718068.3852
1345,1624254300000,34250.0,34437.0,34143.0,34391.0,14017868.7481
1346,1624254600000,34391.0,34450.0,34333.0,34440.0,11477746.0266
1347,1624254900000,34440.0,34494.0,34391.0,34435.0,7744535.7264
1348,1624255200000,34435.0,34465.0,34341.0,34465.0,8926095.5545
1349,1624255500000,34465.0,34565.0,34464.0,34556.0,10496452.2153
1350,1624255800000,34556.0,34556.0,34458.0,34495.0,7935958.2726
1351,1624256100000,34495.0,34520.0,34324.0,34327.0,12521720.1574
1352,1624256400000,34327.0,34418.0,34255.0,34255.0,7778669.6
1353,1624256700000,34255.0,34284.0,33000.0,33279.0,94800631.0373
1354,1624257000000,33270.0,33298.0,32560.0,33003.0,89730851.2692
1355,1624257300000,33000.0,33048.0,32520.0,32950.0,54617073.2625
1356,1624257600000,32950.0,33091.0,32300.0,32472.0,43832809.1699
1357,1624257900000,32497.0,32838.0,32220.0,32584.0,59877288.7809
1358,1624258200000,32584.0,32994.0,32583.0,32870.0,25503778.4549
1359,1624258500000,32868.0,32967.0,32666.0,32763.0,20777723.4238
1360,1624258800000,32763.0,33150.0,32647.0,33112.0,34086884.7314
1361,1624259100000,33112.0,33144.0,32906.0,32932.0,28972220.4026
1362,1624259400000,32932.0,32967.0,32736.0,32875.0,25488821.2527
1363,1624259700000,32875.0,33020.0,32830.0,32970.0,11784623.4276
1364,1624260000000,32970.0,32971.0,32792.0,32797.0,18105027.3611
1365,1624260300000,32797.0,32863.0,32633.0,32832.0,19902320.8672
1366,1624260600000,32832.0,32876.0,32662.0,32813.0,23718755.7879
1367,1624260900000,32813.0,32960.0,32790.0,32812.0,23828398.962
1368,1624261200000,32812.0,32895.0,32706.0,32724.0,16226274.7309
1369,1624261500000,32724.0,32885.0,32723.0,32857.0,17741182.7567
1370,1624261800000,32857.0,33062.0,32854.0,32994.0,13752334.7916
1371,1624262100000,32994.0,33034.0,32871.0,33012.0,14701644.4254
1372,1624262400000,33012.0,33046.0,32824.0,32917.0,19560946.1061
1373,1624262700000,32917.0,33097.0,32866.0,33063.0,13588762.5443
1374,1624263000000,33063.0,33334.0,33009.0,33289.0,18877782.6375
1375,1624263300000,33289.0,33416.0,33163.0,33199.0,29309945.5469
1376,1624263600000,33203.0,33309.0,33175.0,33268.0,11152004.076
1377,1624263900000,33268.0,33268.0,33167.0,33230.0,7915799.1324
1378,1624264200000,33230.0,33230.0,32927.0,32975.0,11097784.2408
1379,1624264500000,32977.0,33000.0,32723.0,32957.0,20821061.2795
1380,1624264800000,32957.0,33071.0,32862.0,32919.0,11592393.1976
1381,1624265100000,32919.0,33123.0,32865.0,32998.0,8329119.5726
1382,1624265400000,32997.0,33099.0,32891.0,32958.0,9069705.5647
1383,1624265700000,32958.0,33003.0,32854.0,32869.0,6599826.0154
1384,1624266000000,32869.0,32983.0,32836.0,32962.0,7281964.5427
1385,1624266300000,32962.0,32962.0,32600.0,32671.0,18283332.675
1386,1624266600000,32671.0,33644.0,32373.0,33429.0,66849450.7361
1387,1624266900000,33429.0,33430.0,32727.0,32811.0,67179536.4906
1388,1624267200000,32811.0,32811.0,32074.0,32129.0,117862012.9075
1389,1624267500000,32129.0,33188.0,32064.0,32951.0,98669932.8575
1390,1624267800000,32956.0,33280.0,32700.0,33128.0,54785182.2985
1391,1624268100000,33128.0,33306.0,32826.0,32920.0,30370423.0061
1392,1624268400000,32920.0,33210.0,32873.0,33156.0,15625645.7575
1393,1624268700000,33156.0,33301.0,33073.0,33196.0,13646507.8505
1394,1624269000000,33196.0,33396.0,33172.0,33244.0,17981696.37
1395,1624269300000,33244.0,33286.0,33125.0,33155.0,6219323.0252
1396,1624269600000,33155.0,33277.0,33000.0,33190.0,10890465.3602
1397,1624269900000,33190.0,33244.0,32771.0,32836.0,17243965.8453
1398,1624270200000,32837.0,33270.0,32733.0,32894.0,31828140.2187
1399,1624270500000,32894.0,32954.0,32525.0,32684.0,21815635.4196
1400,1624270800000,32684.0,32866.0,32523.0,32585.0,14538546.7239
1401,1624271100000,32585.0,32750.0,32529.0,32559.0,11327884.5212
1402,1624271400000,32559.0,32674.0,32317.0,32383.0,27618835.3265
1403,1624271700000,32383.0,32884.0,32333.0,32855.0,82062034.0597
1404,1624272000000,32855.0,32861.0,32584.0,32695.0,27901962.0392
1405,1624272300000,32695.0,32862.0,32600.0,32600.0,16435601.5089
1406,1624272600000,32600.0,32645.0,32410.0,32580.0,13013605.2513
1407,1624272900000,32580.0,32580.0,32222.0,32340.0,26189395.2704
1408,1624273200000,32340.0,32566.0,32265.0,32309.0,20879026.5144
1409,1624273500000,32308.0,32517.0,31919.0,32146.0,91377898.1118
1410,1624273800000,32146.0,32404.0,32100.0,32244.0,65815362.4754
1411,1624274100000,32244.0,32399.0,32148.0,32191.0,19823918.291
1412,1624274400000,32191.0,32284.0,31688.0,31872.0,108507446.4391
1413,1624274700000,31872.0,32050.0,31735.0,31752.0,137157443.4366
1414,1624275000000,31752.0,32220.0,31745.0,32220.0,42606060.7871
1415,1624275300000,32220.0,32510.0,32119.0,32380.0,45778317.0993
1416,1624275600000,32381.0,32382.0,32082.0,32320.0,28270489.2274
1417,1624275900000,32320.0,32778.0,32209.0,32710.0,41709318.1765
1418,1624276200000,32710.0,32710.0,32512.0,32557.0,14341593.6486
1419,1624276500000,32557.0,32588.0,32413.0,32539.0,17594739.2746
1420,1624276800000,32539.0,32773.0,32339.0,32403.0,23812073.3471
1421,1624277100000,32403.0,32639.0,32256.0,32590.0,42127279.5477
1422,1624277400000,32590.0,32596.0,32400.0,32437.0,14848729.7949
1423,1624277700000,32437.0,32450.0,32250.0,32396.0,13993930.9311
1424,1624278000000,32396.0,32574.0,32371.0,32550.0,17722123.4489
1425,1624278300000,32550.0,32841.0,32480.0,32800.0,30168602.466
1426,1624278600000,32792.0,32814.0,32594.0,32634.0,15393151.1119
1427,1624278900000,32634.0,32634.0,32504.0,32534.0,16384888.1125
1428,1624279200000,32534.0,32576.0,32441.0,32469.0,7565059.8895
1429,1624279500000,32469.0,32509.0,32307.0,32347.0,10040142.0779
1430,1624279800000,32347.0,32355.0,32125.0,32225.0,19194282.5294
1431,1624280100000,32225.0,32294.0,32161.0,32285.0,9497965.976
1432,1624280400000,32285.0,32400.0,32035.0,32079.0,21251522.4277
1433,1624280700000,32079.0,32266.0,31914.0,32265.0,32854094.524
1434,1624281000000,32265.0,32278.0,32118.0,32225.0,10299397.2118
1435,1624281300000,32225.0,32584.0,32162.0,32546.0,19652342.9956
1436,1624281600000,32546.0,32623.0,32405.0,32497.0,13074257.619
1437,1624281900000,32497.0,32596.0,32447.0,32549.0,9319340.2252
1438,1624282200000,32549.0,32749.0,32488.0,32655.0,14676341.0251
1439,1624282500000,32655.0,32655.0,32420.0,32497.0,8890036.9896
1440,1624282800000,32497.0,32826.0,32467.0,32806.0,13316233.5166
1441,1624283100000,32806.0,33000.0,32747.0,32999.0,36791086.3017
1442,1624283400000,32999.0,33000.0,32832.0,32943.0,10900388.1381
1443,1624283700000,32943.0,33165.0,32920.0,33134.0,20515224.7697
1444,1624284000000,33134.0,33200.0,32940.0,32948.0,21231012.2314
1445,1624284300000,32948.0,33045.0,32850.0,33006.0,12247313.3854
1446,1624284600000,33006.0,33015.0,32858.0,32939.0,7034123.2548
1447,1624284900000,32939.0,32940.0,32690.0,32709.0,14754539.0441
1448,1624285200000,32709.0,32788.0,32552.0,32592.0,18905607.9425
1449,1624285500000,32592.0,32757.0,32578.0,32713.0,9493136.2887
1450,1624285800000,32713.0,32872.0,32627.0,32842.0,13155363.9616
1451,1624286100000,32842.0,32959.0,32749.0,32811.0,10955719.5132
1452,1624286400000,32811.0,33017.0,32811.0,32984.0,7015456.7126
1453,1624286700000,32984.0,32999.0,32874.0,32995.0,7184595.0507
1454,1624287000000,32994.0,33079.0,32894.0,33058.0,6673515.5001
1455,1624287300000,33058.0,33096.0,32860.0,32885.0,7479915.6606
1456,1624287600000,32885.0,32921.0,32689.0,32736.0,13779986.1361
1457,1624287900000,32736.0,33081.0,32736.0,32986.0,13266139.5429
1458,1624288200000,32986.0,33048.0,32777.0,32828.0,11548592.5646
1459,1624288500000,32828.0,32913.0,32743.0,32801.0,9098369.3081
1460,1624288800000,32801.0,32953.0,32800.0,32835.0,11016246.6507
1461,1624289100000,32835.0,32878.0,32610.0,32623.0,9362287.6184
1462,1624289400000,32623.0,32736.0,32551.0,32582.0,11319232.6009
1463,1624289700000,32582.0,32657.0,32444.0,32521.0,15126384.9627
1464,1624290000000,32521.0,32578.0,32479.0,32500.0,10194206.601
1465,1624290300000,32500.0,32735.0,32322.0,32671.0,22356555.5365
1466,1624290600000,32671.0,32707.0,32579.0,32597.0,4974521.0062
1467,1624290900000,32597.0,32787.0,32597.0,32683.0,8746793.6161
1468,1624291200000,32683.0,32902.0,32611.0,32891.0,20613148.1788
1469,1624291500000,32891.0,32967.0,32730.0,32963.0,17751152.6587
1470,1624291800000,32963.0,32971.0,32870.0,32905.0,9889497.8759
1471,1624292100000,32905.0,32906.0,32503.0,32603.0,17114238.5937
1472,1624292400000,32603.0,32674.0,32481.0,32548.0,13812700.2518
1473,1624292700000,32548.0,32635.0,32486.0,32489.0,13557978.5276
1474,1624293000000,32489.0,32592.0,32222.0,32286.0,21988752.9887
1475,1624293300000,32286.0,32340.0,32167.0,32325.0,21008438.5396
1476,1624293600000,32325.0,32389.0,32112.0,32133.0,16740044.7698
1477,1624293900000,32133.0,32233.0,32020.0,32155.0,20200755.2007
1478,1624294200000,32155.0,32312.0,32111.0,32139.0,8932327.3882
1479,1624294500000,32139.0,32222.0,32050.0,32175.0,10600337.1386
1480,1624294800000,32175.0,32312.0,32123.0,32279.0,11029602.1831
1481,1624295100000,32279.0,32732.0,32215.0,32251.0,40181023.17
1482,1624295400000,32251.0,32322.0,32148.0,32290.0,14554674.1937
1483,1624295700000,32290.0,32541.0,32273.0,32446.0,18537578.6719
1484,1624296000000,32446.0,32490.0,32279.0,32388.0,11968950.6859
1485,1624296300000,32388.0,32444.0,32300.0,32302.0,9812478.2053
1486,1624296600000,32302.0,32473.0,32242.0,32417.0,8174932.8269
1487,1624296900000,32417.0,32584.0,32411.0,32421.0,9566584.9069
1488,1624297200000,32421.0,32466.0,32321.0,32437.0,6228931.7432
1489,1624297500000,32437.0,32461.0,32155.0,32208.0,11393792.2112
1490,1624297800000,32208.0,32272.0,32164.0,32195.0,10822480.5713
1491,1624298100000,32195.0,32341.0,32180.0,32260.0,17921334.8105
1492,1624298400000,32260.0,32418.0,32222.0,32313.0,8732076.3231
1493,1624298700000,32313.0,32479.0,32285.0,32324.0,7694166.6426
1494,1624299000000,32329.0,32579.0,32255.0,32379.0,12643780.4806
1495,1624299300000,32379.0,32562.0,32379.0,32523.0,9098862.9903
1496,1624299600000,32523.0,32533.0,32362.0,32374.0,8274384.2615
1497,1624299900000,32374.0,32499.0,32333.0,32459.0,4235854.238
1498,1624300200000,32459.0,32552.0,32403.0,32418.0,7047418.2379
1499,1624300500000,32418.0,32558.0,32418.0,32523.0,6027457.5053
1500,1624300800000,32523.0,32561.0,32518.0,32559.0,385139.5968
